Using pre-set license
Built from '6000.0/staging' branch; Version is '6000.0.56f1 (9c7b5e468860) revision 10255198'; Using compiler version '193933523'; Build Type 'Release'
OS: 'Windows 11  (10.0.22631) 64bit Education' Language: 'en' Physical Memory: 32437 MB
BatchMode: 1, IsHumanControllingUs: 0, StartBugReporterOnCrash: 0, Is64bit: 1
Date: 2025-10-09T12:21:16Z

COMMAND LINE ARGUMENTS:
C:\Program Files\Unity\Hub\Editor\6000.0.56f1\Editor\Unity.exe
-adb2
-batchMode
-noUpm
-name
AssetImportWorker5
-projectPath
C:/Users/02MADDOX.GREENSPOON/Maddox Greenspoon/Repositories/Unity Essentials/Essentials
-logFile
Logs/AssetImportWorker5.log
-srvPort
54701
-job-worker-count
5
-background-job-worker-count
8
-gc-helper-count
1
-name
AssetImport
Successfully changed project path to: C:/Users/02MADDOX.GREENSPOON/Maddox Greenspoon/Repositories/Unity Essentials/Essentials
C:/Users/02MADDOX.GREENSPOON/Maddox Greenspoon/Repositories/Unity Essentials/Essentials
[UnityMemory] Configuration Parameters - Can be set up in boot.config
    "memorysetup-bucket-allocator-granularity=16"
    "memorysetup-bucket-allocator-bucket-count=8"
    "memorysetup-bucket-allocator-block-size=33554432"
    "memorysetup-bucket-allocator-block-count=8"
    "memorysetup-main-allocator-block-size=16777216"
    "memorysetup-thread-allocator-block-size=16777216"
    "memorysetup-gfx-main-allocator-block-size=16777216"
    "memorysetup-gfx-thread-allocator-block-size=16777216"
    "memorysetup-cache-allocator-block-size=4194304"
    "memorysetup-typetree-allocator-block-size=2097152"
    "memorysetup-profiler-bucket-allocator-granularity=16"
    "memorysetup-profiler-bucket-allocator-bucket-count=8"
    "memorysetup-profiler-bucket-allocator-block-size=33554432"
    "memorysetup-profiler-bucket-allocator-block-count=8"
    "memorysetup-profiler-allocator-block-size=16777216"
    "memorysetup-profiler-editor-allocator-block-size=1048576"
    "memorysetup-temp-allocator-size-main=16777216"
    "memorysetup-job-temp-allocator-block-size=2097152"
    "memorysetup-job-temp-allocator-block-size-background=1048576"
    "memorysetup-job-temp-allocator-reduction-small-platforms=262144"
    "memorysetup-allocator-temp-initial-block-size-main=262144"
    "memorysetup-allocator-temp-initial-block-size-worker=262144"
    "memorysetup-temp-allocator-size-background-worker=32768"
    "memorysetup-temp-allocator-size-job-worker=262144"
    "memorysetup-temp-allocator-size-preload-manager=33554432"
    "memorysetup-temp-allocator-size-nav-mesh-worker=65536"
    "memorysetup-temp-allocator-size-audio-worker=65536"
    "memorysetup-temp-allocator-size-cloud-worker=32768"
    "memorysetup-temp-allocator-size-gi-baking-worker=262144"
    "memorysetup-temp-allocator-size-gi-baking-worker=262144"
    "memorysetup-temp-allocator-size-gi-baking-worker=262144"
    "memorysetup-temp-allocator-size-gi-baking-worker=262144"
    "memorysetup-temp-allocator-size-gi-baking-worker=262144"
    "memorysetup-temp-allocator-size-gfx=262144"
Player connection [18500]  Target information:

Player connection [18500]  * "[IP] 10.202.144.9 [Port] 0 [Flags] 2 [Guid] 2426195728 [EditorId] 2426195728 [Version] 1048832 [Id] WindowsEditor(7,GUL-HS-2211SD09) [Debug] 1 [PackageName] WindowsEditor [ProjectName] Editor" 

Player connection [18500]  * "[IP] 192.168.247.1 [Port] 0 [Flags] 2 [Guid] 2426195728 [EditorId] 2426195728 [Version] 1048832 [Id] WindowsEditor(7,GUL-HS-2211SD09) [Debug] 1 [PackageName] WindowsEditor [ProjectName] Editor" 

Player connection [18500]  * "[IP] 192.168.2.1 [Port] 0 [Flags] 2 [Guid] 2426195728 [EditorId] 2426195728 [Version] 1048832 [Id] WindowsEditor(7,GUL-HS-2211SD09) [Debug] 1 [PackageName] WindowsEditor [ProjectName] Editor" 

Player connection [18500]  * "[IP] 192.168.56.1 [Port] 0 [Flags] 2 [Guid] 2426195728 [EditorId] 2426195728 [Version] 1048832 [Id] WindowsEditor(7,GUL-HS-2211SD09) [Debug] 1 [PackageName] WindowsEditor [ProjectName] Editor" 

Player connection [18500] Host joined multi-casting on [225.0.0.222:54997]...
Player connection [18500] Host joined alternative multi-casting on [225.0.0.222:34997]...
JobSystem: Creating JobQueue using job-worker-count value 5
Input System module state changed to: Initialized.
[Physics::Module] Initialized fallback backend.
[Physics::Module] Id: 0xdecafbad
Library Redirect Path: Library/
[Physics::Module] Selected backend.
[Physics::Module] Name: PhysX
[Physics::Module] Id: 0xf2b8ea05
[Physics::Module] SDK Version: 4.1.2
[Physics::Module] Integration Version: 1.0.0
[Physics::Module] Threading Mode: Multi-Threaded
Refreshing native plugins compatible for Editor in 4.02 ms, found 3 plugins.
Preloading 0 native plugins for Editor in 0.00 ms.
Initialize engine version: 6000.0.56f1 (9c7b5e468860)
[Subsystems] Discovering subsystems at path C:/Program Files/Unity/Hub/Editor/6000.0.56f1/Editor/Data/Resources/UnitySubsystems
[Subsystems] Discovering subsystems at path C:/Users/02MADDOX.GREENSPOON/Maddox Greenspoon/Repositories/Unity Essentials/Essentials/Assets
GfxDevice: creating device client; kGfxThreadingModeNonThreaded
Direct3D:
    Version:  Direct3D 11.0 [level 11.1]
    Renderer: NVIDIA T400 4GB (ID=0x1ff2)
    Vendor:   NVIDIA
    VRAM:     3943 MB
    Driver:   32.0.15.7216
Initialize mono
Mono path[0] = 'C:/Program Files/Unity/Hub/Editor/6000.0.56f1/Editor/Data/Managed'
Mono path[1] = 'C:/Program Files/Unity/Hub/Editor/6000.0.56f1/Editor/Data/MonoBleedingEdge/lib/mono/unityjit-win32'
Mono config path = 'C:/Program Files/Unity/Hub/Editor/6000.0.56f1/Editor/Data/MonoBleedingEdge/etc'
Using monoOptions --debugger-agent=transport=dt_socket,embedding=1,server=y,suspend=n,address=127.0.0.1:56256
Begin MonoManager ReloadAssembly
Registering precompiled unity dll's ...
Register platform support module: C:/Program Files/Unity/Hub/Editor/6000.0.56f1/Editor/Data/PlaybackEngines/WebGLSupport/UnityEditor.WebGL.Extensions.dll
Register platform support module: C:/Program Files/Unity/Hub/Editor/6000.0.56f1/Editor/Data/PlaybackEngines/WindowsStandaloneSupport/UnityEditor.WindowsStandalone.Extensions.dll
Register platform support module: C:/Program Files/Unity/Hub/Editor/6000.0.56f1/Editor/Data/PlaybackEngines/MetroSupport/UnityEditor.UWP.Extensions.dll
Registered in 0.003160 seconds.
- Loaded All Assemblies, in  0.283 seconds
Native extension for UWP target not found
Native extension for WindowsStandalone target not found
Native extension for WebGL target not found
Mono: successfully reloaded assembly
- Finished resetting the current domain, in  0.279 seconds
Domain Reload Profiling: 560ms
	BeginReloadAssembly (94ms)
		ExecutionOrderSort (0ms)
		DisableScriptedObjects (0ms)
		BackupInstance (0ms)
		ReleaseScriptingObjects (0ms)
		CreateAndSetChildDomain (1ms)
	RebuildCommonClasses (26ms)
	RebuildNativeTypeToScriptingClass (9ms)
	initialDomainReloadingComplete (36ms)
	LoadAllAssembliesAndSetupDomain (116ms)
		LoadAssemblies (93ms)
		RebuildTransferFunctionScriptingTraits (0ms)
		AnalyzeDomain (114ms)
			TypeCache.Refresh (113ms)
				TypeCache.ScanAssembly (102ms)
			BuildScriptInfoCaches (0ms)
			ResolveRequiredComponents (0ms)
	FinalizeReload (279ms)
		ReleaseScriptCaches (0ms)
		RebuildScriptCaches (0ms)
		SetupLoadedEditorAssemblies (240ms)
			LogAssemblyErrors (0ms)
			InitializePlatformSupportModulesInManaged (49ms)
			SetLoadedEditorAssemblies (3ms)
			BeforeProcessingInitializeOnLoad (39ms)
			ProcessInitializeOnLoadAttributes (109ms)
			ProcessInitializeOnLoadMethodAttributes (39ms)
			AfterProcessingInitializeOnLoad (0ms)
			EditorAssembliesLoaded (0ms)
		ExecutionOrderSort2 (0ms)
		AwakeInstancesAfterBackupRestoration (0ms)
========================================================================
Worker process is ready to serve import requests
Import Worker Mode flag is 0x00
Begin MonoManager ReloadAssembly
Symbol file LoadedFromMemory is not a mono symbol file
- Loaded All Assemblies, in  0.612 seconds
Refreshing native plugins compatible for Editor in 4.32 ms, found 3 plugins.
Native extension for UWP target not found
Native extension for WindowsStandalone target not found
Native extension for WebGL target not found
Package Manager log level set to [2]
[Package Manager] Failed to launch server process. Reason: Unity was launched with the -noUpm command-line argument
[Package Manager] Unable to send message (not connected to server process).
[Package Manager] Cannot connect to Unity Package Manager local server
Refreshing native plugins compatible for Editor in 4.58 ms, found 3 plugins.
Mono: successfully reloaded assembly
- Finished resetting the current domain, in  0.749 seconds
Domain Reload Profiling: 1357ms
	BeginReloadAssembly (127ms)
		ExecutionOrderSort (0ms)
		DisableScriptedObjects (5ms)
		BackupInstance (0ms)
		ReleaseScriptingObjects (0ms)
		CreateAndSetChildDomain (20ms)
	RebuildCommonClasses (25ms)
	RebuildNativeTypeToScriptingClass (10ms)
	initialDomainReloadingComplete (29ms)
	LoadAllAssembliesAndSetupDomain (417ms)
		LoadAssemblies (271ms)
		RebuildTransferFunctionScriptingTraits (0ms)
		AnalyzeDomain (217ms)
			TypeCache.Refresh (139ms)
				TypeCache.ScanAssembly (124ms)
			BuildScriptInfoCaches (68ms)
			ResolveRequiredComponents (8ms)
	FinalizeReload (749ms)
		ReleaseScriptCaches (0ms)
		RebuildScriptCaches (0ms)
		SetupLoadedEditorAssemblies (582ms)
			LogAssemblyErrors (0ms)
			InitializePlatformSupportModulesInManaged (10ms)
			SetLoadedEditorAssemblies (2ms)
			BeforeProcessingInitializeOnLoad (96ms)
			ProcessInitializeOnLoadAttributes (314ms)
			ProcessInitializeOnLoadMethodAttributes (156ms)
			AfterProcessingInitializeOnLoad (3ms)
			EditorAssembliesLoaded (0ms)
		ExecutionOrderSort2 (0ms)
		AwakeInstancesAfterBackupRestoration (5ms)
Launched and connected shader compiler UnityShaderCompiler.exe after 0.01 seconds
Refreshing native plugins compatible for Editor in 6.02 ms, found 3 plugins.
Preloading 0 native plugins for Editor in 0.00 ms.
Unloading 14 Unused Serialized files (Serialized files now loaded: 0)
Unloading 6411 unused Assets / (6.2 MB). Loaded Objects now: 7130.
Memory consumption went from 153.6 MB to 147.4 MB.
Total: 13.052100 ms (FindLiveObjects: 0.494100 ms CreateObjectMapping: 0.488500 ms MarkObjects: 9.175900 ms  DeleteObjects: 2.892200 ms)

========================================================================
Received Import Request.
  Time since last request: 2678.202055 seconds.
  path: Assets/Settings/Balanced_PipelineAsset.asset
  artifactKey: Guid(eb4cfc8c594ab6a43898d1122a3def1d) Importer(2089858483,3d70f49cd1c2eb9ae422958d1c652c6b)
Start importing Assets/Settings/Balanced_PipelineAsset.asset using Guid(eb4cfc8c594ab6a43898d1122a3def1d) Importer(2089858483,3d70f49cd1c2eb9ae422958d1c652c6b) (ScriptedImporter) -> (artifact id: '7dbfe9f2863f44d7d25691e677fa6a74') in 0.335959 seconds
Number of updated asset objects reloaded before import = 0Number of asset objects unloaded after import = 1

========================================================================
Received Import Request.
  Time since last request: 0.000023 seconds.
  path: Assets/BrokenVector/LowPolyRoadPack/Prefabs/Road Jump.prefab
  artifactKey: Guid(d995f875a84ca0f4c952dd644d6dbd0e) Importer(2089858483,3d70f49cd1c2eb9ae422958d1c652c6b)
Start importing Assets/BrokenVector/LowPolyRoadPack/Prefabs/Road Jump.prefab using Guid(d995f875a84ca0f4c952dd644d6dbd0e) Importer(2089858483,3d70f49cd1c2eb9ae422958d1c652c6b) (ScriptedImporter) -> (artifact id: 'c279801c8f7994e55f3748a5bab6b591') in 0.0424998 seconds
Number of updated asset objects reloaded before import = 0Number of asset objects unloaded after import = 9

========================================================================
Received Import Request.
  Time since last request: 0.000029 seconds.
  path: Assets/Awb-Free Low Poly Cars/Scene/FreeCar Scene.unity
  artifactKey: Guid(4b3330b590350cf429c3d444640751dc) Importer(2089858483,3d70f49cd1c2eb9ae422958d1c652c6b)
Start importing Assets/Awb-Free Low Poly Cars/Scene/FreeCar Scene.unity using Guid(4b3330b590350cf429c3d444640751dc) Importer(2089858483,3d70f49cd1c2eb9ae422958d1c652c6b) (ScriptedImporter)Opening scene 'Assets/Awb-Free Low Poly Cars/Scene/FreeCar Scene.unity additively'
Loaded scene 'Assets/Awb-Free Low Poly Cars/Scene/FreeCar Scene.unity'
	Deserialize:            1.130 ms
	Integration:            11.399 ms
	Integration of assets:  0.004 ms
	Thread Wait Time:       0.446 ms
	Total Operation Time:   12.979 ms
 -> (artifact id: 'b22a7a481b508b5c229650d243b50aac') in 0.0607784 seconds
Number of updated asset objects reloaded before import = 0Number of asset objects unloaded after import = 116

========================================================================
Received Import Request.
  Time since last request: 0.000022 seconds.
  path: Assets/BrokenVector/LowPolyRoadPack/Prefabs/Parkinglot Edge 1.prefab
  artifactKey: Guid(3851756c71fc60741a0f9a8b4cf1a908) Importer(2089858483,3d70f49cd1c2eb9ae422958d1c652c6b)
Start importing Assets/BrokenVector/LowPolyRoadPack/Prefabs/Parkinglot Edge 1.prefab using Guid(3851756c71fc60741a0f9a8b4cf1a908) Importer(2089858483,3d70f49cd1c2eb9ae422958d1c652c6b) (ScriptedImporter) -> (artifact id: 'e2c3f2bb7315021ff1f6eacf740941e7') in 0.0248347 seconds
Number of updated asset objects reloaded before import = 0Number of asset objects unloaded after import = 9

========================================================================
Received Import Request.
  Time since last request: 0.000024 seconds.
  path: Assets/BrokenVector/LowPolyRoadPack/Prefabs/Highway Bridge 1.prefab
  artifactKey: Guid(8d7240f2f0843e442b11595c5465dbf7) Importer(2089858483,3d70f49cd1c2eb9ae422958d1c652c6b)
Start importing Assets/BrokenVector/LowPolyRoadPack/Prefabs/Highway Bridge 1.prefab using Guid(8d7240f2f0843e442b11595c5465dbf7) Importer(2089858483,3d70f49cd1c2eb9ae422958d1c652c6b) (ScriptedImporter) -> (artifact id: '452d92db85122fe5ebbbda6f702d3e7c') in 0.0202308 seconds
Number of updated asset objects reloaded before import = 0Number of asset objects unloaded after import = 10

========================================================================
Received Import Request.
  Time since last request: 0.000020 seconds.
  path: Assets/KajamansRoads/Materials/1RoadMob.mat
  artifactKey: Guid(d13de2fe17705894b8d1881d44165e8b) Importer(2089858483,192608db42251d675da83286b1cce702)
Start importing Assets/KajamansRoads/Materials/1RoadMob.mat using Guid(d13de2fe17705894b8d1881d44165e8b) Importer(2089858483,192608db42251d675da83286b1cce702) (ScriptedImporter) -> (artifact id: '21e33f62027c528b4d727dd55952bd3f') in 0.0798602 seconds
Number of updated asset objects reloaded before import = 0Number of asset objects unloaded after import = 2

========================================================================
Received Import Request.
  Time since last request: 0.000045 seconds.
  path: Assets/KajamansRoads/Free/Obj/l10km_cc4_sl69_t(1212029)_rw12_wh15_n1_RsBtW_MeshV00.obj
  artifactKey: Guid(4d1c0c37730856b4a9a945ffefad4ab3) Importer(2089858483,192608db42251d675da83286b1cce702)
Start importing Assets/KajamansRoads/Free/Obj/l10km_cc4_sl69_t(1212029)_rw12_wh15_n1_RsBtW_MeshV00.obj using Guid(4d1c0c37730856b4a9a945ffefad4ab3) Importer(2089858483,192608db42251d675da83286b1cce702) (ScriptedImporter) -> (artifact id: '577f4366836696a5b17c338e23119c0b') in 0.0788254 seconds
Number of updated asset objects reloaded before import = 0Number of asset objects unloaded after import = 19

========================================================================
Received Import Request.
  Time since last request: 0.000023 seconds.
  path: Assets/_Unity Essentials/Fonts/Oswald-Regular SDF.asset
  artifactKey: Guid(bb4a8624d27de4192be7d892793f48d5) Importer(2089858483,3d70f49cd1c2eb9ae422958d1c652c6b)
Start importing Assets/_Unity Essentials/Fonts/Oswald-Regular SDF.asset using Guid(bb4a8624d27de4192be7d892793f48d5) Importer(2089858483,3d70f49cd1c2eb9ae422958d1c652c6b) (ScriptedImporter) -> (artifact id: '97225813bf7e95099daec4734ea763bb') in 0.046229 seconds
Number of updated asset objects reloaded before import = 0Number of asset objects unloaded after import = 2

========================================================================
Received Import Request.
  Time since last request: 0.000037 seconds.
  path: Assets/BrokenVector/LowPolyRoadPack/Prefabs/SingleLane S-Curve.prefab
  artifactKey: Guid(5d8d2fcae15c57f46b59943e3db78e5b) Importer(2089858483,3d70f49cd1c2eb9ae422958d1c652c6b)
Start importing Assets/BrokenVector/LowPolyRoadPack/Prefabs/SingleLane S-Curve.prefab using Guid(5d8d2fcae15c57f46b59943e3db78e5b) Importer(2089858483,3d70f49cd1c2eb9ae422958d1c652c6b) (ScriptedImporter) -> (artifact id: 'a9b0e091bb29121ec8837b3481a2bf60') in 0.0179722 seconds
Number of updated asset objects reloaded before import = 0Number of asset objects unloaded after import = 9

========================================================================
Received Import Request.
  Time since last request: 0.000032 seconds.
  path: Assets/KajamansRoads/Free/Meshes
  artifactKey: Guid(de4b06dbe3072e148824347cf143efaa) Importer(2089858483,192608db42251d675da83286b1cce702)
Start importing Assets/KajamansRoads/Free/Meshes using Guid(de4b06dbe3072e148824347cf143efaa) Importer(2089858483,192608db42251d675da83286b1cce702) (ScriptedImporter) -> (artifact id: '25bd396afec6e7c77520f083fa494700') in 0.0185881 seconds
Number of updated asset objects reloaded before import = 0Number of asset objects unloaded after import = 1

========================================================================
Received Import Request.
  Time since last request: 0.000022 seconds.
  path: Assets/KajamansRoads/Textures/Corn01b.png
  artifactKey: Guid(32f4c41cb808c284fac4f01bfcf11414) Importer(2089858483,192608db42251d675da83286b1cce702)
Start importing Assets/KajamansRoads/Textures/Corn01b.png using Guid(32f4c41cb808c284fac4f01bfcf11414) Importer(2089858483,192608db42251d675da83286b1cce702) (ScriptedImporter) -> (artifact id: 'd88e42e929e282bcdbce04ad1a1e3eee') in 0.0611947 seconds
Number of updated asset objects reloaded before import = 0Number of asset objects unloaded after import = 1

========================================================================
Received Import Request.
  Time since last request: 0.000031 seconds.
  path: Assets/Settings/URP-Balanced.asset
  artifactKey: Guid(e1260c1148f6143b28bae5ace5e9c5d1) Importer(2089858483,3d70f49cd1c2eb9ae422958d1c652c6b)
Start importing Assets/Settings/URP-Balanced.asset using Guid(e1260c1148f6143b28bae5ace5e9c5d1) Importer(2089858483,3d70f49cd1c2eb9ae422958d1c652c6b) (ScriptedImporter) -> (artifact id: 'ae8a033cf58ad8e259c3b6f9b333a0ad') in 0.034046 seconds
Number of updated asset objects reloaded before import = 0Number of asset objects unloaded after import = 2

========================================================================
Received Import Request.
  Time since last request: 0.000020 seconds.
  path: Assets/_Unity Essentials/Materials/My Materials/Materials
  artifactKey: Guid(1943cb429070b914fbc89cd1de57fa85) Importer(2089858483,192608db42251d675da83286b1cce702)
Start importing Assets/_Unity Essentials/Materials/My Materials/Materials using Guid(1943cb429070b914fbc89cd1de57fa85) Importer(2089858483,192608db42251d675da83286b1cce702) (ScriptedImporter) -> (artifact id: '1946f95ca1730f1acb84dda9bdd877c9') in 0.0163441 seconds
Number of updated asset objects reloaded before import = 0Number of asset objects unloaded after import = 1

========================================================================
Received Import Request.
  Time since last request: 0.000031 seconds.
  path: Assets/BrokenVector/LowPolyRoadPack/Prefabs/Road Straight 1.prefab
  artifactKey: Guid(1b5a40444f59ff64997f9b2966f28a54) Importer(2089858483,3d70f49cd1c2eb9ae422958d1c652c6b)
Start importing Assets/BrokenVector/LowPolyRoadPack/Prefabs/Road Straight 1.prefab using Guid(1b5a40444f59ff64997f9b2966f28a54) Importer(2089858483,3d70f49cd1c2eb9ae422958d1c652c6b) (ScriptedImporter) -> (artifact id: '3be31b643448350d4dc4f0ff35c0bf5c') in 0.019274 seconds
Number of updated asset objects reloaded before import = 0Number of asset objects unloaded after import = 9

========================================================================
Received Import Request.
  Time since last request: 0.000022 seconds.
  path: Assets/KajamansRoads/Free/ReadMe.txt
  artifactKey: Guid(475e642bb02764d4192d76e06c891e69) Importer(2089858483,192608db42251d675da83286b1cce702)
Start importing Assets/KajamansRoads/Free/ReadMe.txt using Guid(475e642bb02764d4192d76e06c891e69) Importer(2089858483,192608db42251d675da83286b1cce702) (ScriptedImporter) -> (artifact id: '3f1c567ccb6b01d8f31b8dfe0d63642a') in 0.1152342 seconds
Number of updated asset objects reloaded before import = 0Number of asset objects unloaded after import = 1

========================================================================
Received Import Request.
  Time since last request: 0.000023 seconds.
  path: Assets/BrokenVector/LowPolyRoadPack/Prefabs/Freeway Join Freeway 1.prefab
  artifactKey: Guid(0956ca3f790e2b44eabfe04ddcb999f7) Importer(2089858483,3d70f49cd1c2eb9ae422958d1c652c6b)
Start importing Assets/BrokenVector/LowPolyRoadPack/Prefabs/Freeway Join Freeway 1.prefab using Guid(0956ca3f790e2b44eabfe04ddcb999f7) Importer(2089858483,3d70f49cd1c2eb9ae422958d1c652c6b) (ScriptedImporter) -> (artifact id: 'd366473835b48c39669dc2721621c0bd') in 0.0319084 seconds
Number of updated asset objects reloaded before import = 0Number of asset objects unloaded after import = 10

========================================================================
Received Import Request.
  Time since last request: 0.000034 seconds.
  path: Assets/KajamansRoads/Free/Prefabs/l10km_cc4_sl69_t(1212029)_rw12_wh15_n1_RsBtW_MeshV00.prefab
  artifactKey: Guid(52005168084e10d4998228ecb47015ee) Importer(2089858483,3d70f49cd1c2eb9ae422958d1c652c6b)
Start importing Assets/KajamansRoads/Free/Prefabs/l10km_cc4_sl69_t(1212029)_rw12_wh15_n1_RsBtW_MeshV00.prefab using Guid(52005168084e10d4998228ecb47015ee) Importer(2089858483,3d70f49cd1c2eb9ae422958d1c652c6b) (ScriptedImporter) -> (artifact id: 'd67c58a90161da6669fee46a324fa2c3') in 0.0259397 seconds
Number of updated asset objects reloaded before import = 0Number of asset objects unloaded after import = 11

========================================================================
Received Import Request.
  Time since last request: 0.000022 seconds.
  path: Assets/KajamansRoads/Free/Prefabs/l20km_cc2_sl30_t(401509)_rw28_wh15_n1_RsBTW_MeshV00_m.prefab
  artifactKey: Guid(26419c6407d63bc4abd79bf3d120f522) Importer(2089858483,3d70f49cd1c2eb9ae422958d1c652c6b)
Start importing Assets/KajamansRoads/Free/Prefabs/l20km_cc2_sl30_t(401509)_rw28_wh15_n1_RsBTW_MeshV00_m.prefab using Guid(26419c6407d63bc4abd79bf3d120f522) Importer(2089858483,3d70f49cd1c2eb9ae422958d1c652c6b) (ScriptedImporter) -> (artifact id: 'cc6c1b71126a093f60f1013ba12c97f0') in 0.0388633 seconds
Number of updated asset objects reloaded before import = 0Number of asset objects unloaded after import = 12

========================================================================
Received Import Request.
  Time since last request: 0.000024 seconds.
  path: Assets/BrokenVector/LowPolyRoadPack/Prefabs/Freeway Join Freeway 2.prefab
  artifactKey: Guid(409109bbaa58cf340b5fea204e6aac85) Importer(2089858483,3d70f49cd1c2eb9ae422958d1c652c6b)
Start importing Assets/BrokenVector/LowPolyRoadPack/Prefabs/Freeway Join Freeway 2.prefab using Guid(409109bbaa58cf340b5fea204e6aac85) Importer(2089858483,3d70f49cd1c2eb9ae422958d1c652c6b) (ScriptedImporter) -> (artifact id: '79b58657b9f3441d2b652fbdc2295691') in 0.0198281 seconds
Number of updated asset objects reloaded before import = 0Number of asset objects unloaded after import = 10

========================================================================
Received Import Request.
  Time since last request: 0.000021 seconds.
  path: Assets/BrokenVector/LowPolyRoadPack/Prefabs/Tunnel Entrance 2.prefab
  artifactKey: Guid(0d02144b05217a74890541efcaaed4f1) Importer(2089858483,3d70f49cd1c2eb9ae422958d1c652c6b)
Start importing Assets/BrokenVector/LowPolyRoadPack/Prefabs/Tunnel Entrance 2.prefab using Guid(0d02144b05217a74890541efcaaed4f1) Importer(2089858483,3d70f49cd1c2eb9ae422958d1c652c6b) (ScriptedImporter) -> (artifact id: 'b7c0e6723a1be6e37239df21955a5400') in 0.0256093 seconds
Number of updated asset objects reloaded before import = 0Number of asset objects unloaded after import = 9

========================================================================
Received Import Request.
  Time since last request: 0.000031 seconds.
  path: Assets/KajamansRoads/Free/Meshes/l10km_cc4_sl20_t(12123025)_rw10_wh3_n3_RsBTW_MeshV00.asset
  artifactKey: Guid(47e9acb3c671f804da5ffedf7a4d0b53) Importer(2089858483,192608db42251d675da83286b1cce702)
Start importing Assets/KajamansRoads/Free/Meshes/l10km_cc4_sl20_t(12123025)_rw10_wh3_n3_RsBTW_MeshV00.asset using Guid(47e9acb3c671f804da5ffedf7a4d0b53) Importer(2089858483,192608db42251d675da83286b1cce702) (ScriptedImporter) -> (artifact id: '60c23a830ff756cfa05b4f5556fc642c') in 0.0283756 seconds
Number of updated asset objects reloaded before import = 0Number of asset objects unloaded after import = 1

========================================================================
Received Import Request.
  Time since last request: 0.000019 seconds.
  path: Assets/_Unity Essentials/Fonts/SourceCodePro-Regular SDF.asset
  artifactKey: Guid(500c8b014e8c041b8982d40b1db00225) Importer(2089858483,3d70f49cd1c2eb9ae422958d1c652c6b)
Start importing Assets/_Unity Essentials/Fonts/SourceCodePro-Regular SDF.asset using Guid(500c8b014e8c041b8982d40b1db00225) Importer(2089858483,3d70f49cd1c2eb9ae422958d1c652c6b) (ScriptedImporter) -> (artifact id: '2de4b64c3092cdb0511ac583ae52b00a') in 0.035618 seconds
Number of updated asset objects reloaded before import = 0Number of asset objects unloaded after import = 2

========================================================================
Received Import Request.
  Time since last request: 0.000018 seconds.
  path: Assets/KajamansRoads/Free/Prefabs/l10km_cc4_sl20_t(12123025)_A87113010_Alley.prefab
  artifactKey: Guid(7cc1045a0e531c442bdc048fdfbd1231) Importer(2089858483,192608db42251d675da83286b1cce702)
Start importing Assets/KajamansRoads/Free/Prefabs/l10km_cc4_sl20_t(12123025)_A87113010_Alley.prefab using Guid(7cc1045a0e531c442bdc048fdfbd1231) Importer(2089858483,192608db42251d675da83286b1cce702) (ScriptedImporter) -> (artifact id: '74f67bac31babcd0b47ab4254cb3a33e') in 0.0539845 seconds
Number of updated asset objects reloaded before import = 0Number of asset objects unloaded after import = 8

========================================================================
Received Import Request.
  Time since last request: 0.000023 seconds.
  path: Assets/BrokenVector/LowPolyRoadPack/Prefabs/SingleLane End.prefab
  artifactKey: Guid(fc2ff23d1db8b1445bbc99fccb47754c) Importer(2089858483,3d70f49cd1c2eb9ae422958d1c652c6b)
Start importing Assets/BrokenVector/LowPolyRoadPack/Prefabs/SingleLane End.prefab using Guid(fc2ff23d1db8b1445bbc99fccb47754c) Importer(2089858483,3d70f49cd1c2eb9ae422958d1c652c6b) (ScriptedImporter) -> (artifact id: 'efc21d3864d79657a9f09d7fb51e2b85') in 0.0226271 seconds
Number of updated asset objects reloaded before import = 0Number of asset objects unloaded after import = 9

========================================================================
Received Import Request.
  Time since last request: 0.000059 seconds.
  path: Assets/BrokenVector/LowPolyRoadPack/Prefabs/Road Lift Highway.prefab
  artifactKey: Guid(fc9bdb938304f4e45bc5977a6f3058df) Importer(2089858483,3d70f49cd1c2eb9ae422958d1c652c6b)
Start importing Assets/BrokenVector/LowPolyRoadPack/Prefabs/Road Lift Highway.prefab using Guid(fc9bdb938304f4e45bc5977a6f3058df) Importer(2089858483,3d70f49cd1c2eb9ae422958d1c652c6b) (ScriptedImporter) -> (artifact id: '01adb293e8ba0b38fb9c1e2aa8142d61') in 0.0238093 seconds
Number of updated asset objects reloaded before import = 0Number of asset objects unloaded after import = 9

========================================================================
Received Import Request.
  Time since last request: 0.000022 seconds.
  path: Assets/_Unity Essentials/Prefabs/Bedroom/LaundryBasket_Round_BR001.prefab
  artifactKey: Guid(4fcf4a2a562c9ae46aa7cbc04c91beef) Importer(2089858483,3d70f49cd1c2eb9ae422958d1c652c6b)
Start importing Assets/_Unity Essentials/Prefabs/Bedroom/LaundryBasket_Round_BR001.prefab using Guid(4fcf4a2a562c9ae46aa7cbc04c91beef) Importer(2089858483,3d70f49cd1c2eb9ae422958d1c652c6b) (ScriptedImporter) -> (artifact id: 'b0994a5d9dce7c56f1c7fe6e9dd45b2d') in 0.0228695 seconds
Number of updated asset objects reloaded before import = 0Number of asset objects unloaded after import = 15

========================================================================
Received Import Request.
  Time since last request: 0.000019 seconds.
  path: Assets/KajamansRoads/Materials/GuardRailMob.mat
  artifactKey: Guid(d07e65a7ea4251342bccc1ac50e4f453) Importer(2089858483,192608db42251d675da83286b1cce702)
Start importing Assets/KajamansRoads/Materials/GuardRailMob.mat using Guid(d07e65a7ea4251342bccc1ac50e4f453) Importer(2089858483,192608db42251d675da83286b1cce702) (ScriptedImporter) -> (artifact id: 'f6d10b1a01b7fcdecf3c2de697bfe93e') in 0.020422 seconds
Number of updated asset objects reloaded before import = 0Number of asset objects unloaded after import = 3

========================================================================
Received Import Request.
  Time since last request: 0.000020 seconds.
  path: Assets/KajamansRoads/Free/Meshes/l10km_cc4_sl20_t(12123025)_rw10_wh3_n3_RsBTW_MeshV00.text
  artifactKey: Guid(398e47e8a8dc3b54a9cdfaf77b22ab51) Importer(2089858483,192608db42251d675da83286b1cce702)
Start importing Assets/KajamansRoads/Free/Meshes/l10km_cc4_sl20_t(12123025)_rw10_wh3_n3_RsBTW_MeshV00.text using Guid(398e47e8a8dc3b54a9cdfaf77b22ab51) Importer(2089858483,192608db42251d675da83286b1cce702) (ScriptedImporter) -> (artifact id: '6afb16e94ff6b6ad5344fee1f62a02f1') in 0.0179049 seconds
Number of updated asset objects reloaded before import = 0Number of asset objects unloaded after import = 1

========================================================================
Received Import Request.
  Time since last request: 0.000035 seconds.
  path: Assets/BrokenVector/LowPolyRoadPack/Prefabs/Parkinglot Entrance.prefab
  artifactKey: Guid(60eed786d7a83604ea71df548e30b85f) Importer(2089858483,3d70f49cd1c2eb9ae422958d1c652c6b)
Start importing Assets/BrokenVector/LowPolyRoadPack/Prefabs/Parkinglot Entrance.prefab using Guid(60eed786d7a83604ea71df548e30b85f) Importer(2089858483,3d70f49cd1c2eb9ae422958d1c652c6b) (ScriptedImporter) -> (artifact id: '7853ddc02705705e828b87988f9a8527') in 0.0248401 seconds
Number of updated asset objects reloaded before import = 0Number of asset objects unloaded after import = 9

========================================================================
Received Import Request.
  Time since last request: 0.000078 seconds.
  path: Assets/_Unity Essentials/Fonts/Exo2-Regular SDF.asset
  artifactKey: Guid(2303d48f3860c49e1b4f88d3f9beef53) Importer(2089858483,3d70f49cd1c2eb9ae422958d1c652c6b)
Start importing Assets/_Unity Essentials/Fonts/Exo2-Regular SDF.asset using Guid(2303d48f3860c49e1b4f88d3f9beef53) Importer(2089858483,3d70f49cd1c2eb9ae422958d1c652c6b) (ScriptedImporter) -> (artifact id: 'bb9bc42970302fb930c991d0d9d6e0a1') in 0.0548827 seconds
Number of updated asset objects reloaded before import = 0Number of asset objects unloaded after import = 2

========================================================================
Received Import Request.
  Time since last request: 0.000027 seconds.
  path: Assets/BrokenVector/LowPolyRoadPack/Prefabs/Road S-Curve.prefab
  artifactKey: Guid(70accd32f42b80b40a1a83ef93f9b293) Importer(2089858483,3d70f49cd1c2eb9ae422958d1c652c6b)
Start importing Assets/BrokenVector/LowPolyRoadPack/Prefabs/Road S-Curve.prefab using Guid(70accd32f42b80b40a1a83ef93f9b293) Importer(2089858483,3d70f49cd1c2eb9ae422958d1c652c6b) (ScriptedImporter) -> (artifact id: 'e2f22242dddcf4596b5f97e8b88df279') in 0.0232783 seconds
Number of updated asset objects reloaded before import = 0Number of asset objects unloaded after import = 9

========================================================================
Received Import Request.
  Time since last request: 0.000032 seconds.
  path: Assets/_Unity Essentials/Prefabs/Bedroom/LaundryBasket_Tall_BR001.prefab
  artifactKey: Guid(7aeedf6873950404999896add28add7b) Importer(2089858483,3d70f49cd1c2eb9ae422958d1c652c6b)
Start importing Assets/_Unity Essentials/Prefabs/Bedroom/LaundryBasket_Tall_BR001.prefab using Guid(7aeedf6873950404999896add28add7b) Importer(2089858483,3d70f49cd1c2eb9ae422958d1c652c6b) (ScriptedImporter) -> (artifact id: '3eda55ef27c11bc52e7e874a3a150043') in 0.0375677 seconds
Number of updated asset objects reloaded before import = 0Number of asset objects unloaded after import = 15

========================================================================
Received Import Request.
  Time since last request: 0.000071 seconds.
  path: Assets/KajamansRoads/Materials/4RoadMob.mat
  artifactKey: Guid(6ce1fb43cedab4144bae5e1f87517e7a) Importer(2089858483,192608db42251d675da83286b1cce702)
Start importing Assets/KajamansRoads/Materials/4RoadMob.mat using Guid(6ce1fb43cedab4144bae5e1f87517e7a) Importer(2089858483,192608db42251d675da83286b1cce702) (ScriptedImporter) -> (artifact id: 'a05b6a0fcc73d04eac503bac90dfbb56') in 0.0277353 seconds
Number of updated asset objects reloaded before import = 0Number of asset objects unloaded after import = 3

========================================================================
Received Import Request.
  Time since last request: 0.000025 seconds.
  path: Assets/_Unity Essentials/Fonts/PressStart2P-Regular SDF.asset
  artifactKey: Guid(3d7e4c035915e46d7a4bf4722e72f951) Importer(2089858483,3d70f49cd1c2eb9ae422958d1c652c6b)
Start importing Assets/_Unity Essentials/Fonts/PressStart2P-Regular SDF.asset using Guid(3d7e4c035915e46d7a4bf4722e72f951) Importer(2089858483,3d70f49cd1c2eb9ae422958d1c652c6b) (ScriptedImporter) -> (artifact id: '389111e2b4a03e6d86585cf5e1c97c99') in 0.0370688 seconds
Number of updated asset objects reloaded before import = 0Number of asset objects unloaded after import = 2

========================================================================
Received Import Request.
  Time since last request: 0.000019 seconds.
  path: Assets/KajamansRoads/Free/Prefabs/l10km_cc4_sl20_t(12123025)_rw10_wh3_n3_RsBTW_MeshV00.prefab
  artifactKey: Guid(b0f31f923c387984fbd37ef155b98609) Importer(2089858483,3d70f49cd1c2eb9ae422958d1c652c6b)
Start importing Assets/KajamansRoads/Free/Prefabs/l10km_cc4_sl20_t(12123025)_rw10_wh3_n3_RsBTW_MeshV00.prefab using Guid(b0f31f923c387984fbd37ef155b98609) Importer(2089858483,3d70f49cd1c2eb9ae422958d1c652c6b) (ScriptedImporter) -> (artifact id: '322f786b1b817351e97a62ac3f35c0e4') in 0.0245833 seconds
Number of updated asset objects reloaded before import = 0Number of asset objects unloaded after import = 11

========================================================================
Received Import Request.
  Time since last request: 0.000025 seconds.
  path: Assets/_Unity Essentials/Prefabs/My Prefabs/Block_Tower.prefab
  artifactKey: Guid(b4733dc44040ec642aa483fa503a4185) Importer(2089858483,192608db42251d675da83286b1cce702)
Start importing Assets/_Unity Essentials/Prefabs/My Prefabs/Block_Tower.prefab using Guid(b4733dc44040ec642aa483fa503a4185) Importer(2089858483,192608db42251d675da83286b1cce702) (ScriptedImporter) -> (artifact id: '901f2c82b5747befc4d95b9c2a3dafcb') in 0.035585 seconds
Number of updated asset objects reloaded before import = 0Number of asset objects unloaded after import = 130

========================================================================
Received Import Request.
  Time since last request: 0.000036 seconds.
  path: Assets/Settings/Performant_PipelineAsset.asset
  artifactKey: Guid(6adc98e15b4ae1c44aebdfe494d0a97d) Importer(2089858483,192608db42251d675da83286b1cce702)
Start importing Assets/Settings/Performant_PipelineAsset.asset using Guid(6adc98e15b4ae1c44aebdfe494d0a97d) Importer(2089858483,192608db42251d675da83286b1cce702) (ScriptedImporter) -> (artifact id: 'b199140e5af94be946e3cf966a9e83b0') in 0.0945868 seconds
Number of updated asset objects reloaded before import = 0Number of asset objects unloaded after import = 2

========================================================================
Received Import Request.
  Time since last request: 0.000018 seconds.
  path: Assets/KajamansRoads/Materials/CornMob.mat
  artifactKey: Guid(722fc5104832c4544b183a83e470029e) Importer(2089858483,192608db42251d675da83286b1cce702)
Start importing Assets/KajamansRoads/Materials/CornMob.mat using Guid(722fc5104832c4544b183a83e470029e) Importer(2089858483,192608db42251d675da83286b1cce702) (ScriptedImporter) -> (artifact id: '1337e806f9da037b54fdbf3eef3aa05f') in 0.0222025 seconds
Number of updated asset objects reloaded before import = 0Number of asset objects unloaded after import = 2

========================================================================
Received Import Request.
  Time since last request: 0.000028 seconds.
  path: Assets/KajamansRoads/Free/Meshes/l10km_cc4_sl20_t(12123025)_A87113010_Alley.asset
  artifactKey: Guid(0a80fb73f5204284a87dc26ff5f08dd7) Importer(2089858483,192608db42251d675da83286b1cce702)
Start importing Assets/KajamansRoads/Free/Meshes/l10km_cc4_sl20_t(12123025)_A87113010_Alley.asset using Guid(0a80fb73f5204284a87dc26ff5f08dd7) Importer(2089858483,192608db42251d675da83286b1cce702) (ScriptedImporter) -> (artifact id: '70fa582fc7f9c257db50da8fb052ebe9') in 0.0185557 seconds
Number of updated asset objects reloaded before import = 0Number of asset objects unloaded after import = 1

========================================================================
Received Import Request.
  Time since last request: 0.000033 seconds.
  path: Assets/Settings/UniversalRenderPipelineGlobalSettings.asset
  artifactKey: Guid(18dc0cd2c080841dea60987a38ce93fa) Importer(2089858483,3d70f49cd1c2eb9ae422958d1c652c6b)
Start importing Assets/Settings/UniversalRenderPipelineGlobalSettings.asset using Guid(18dc0cd2c080841dea60987a38ce93fa) Importer(2089858483,3d70f49cd1c2eb9ae422958d1c652c6b) (ScriptedImporter) -> (artifact id: 'cd7f10a62db4c99fc7fe6abdde360d6f') in 0.0218404 seconds
Number of updated asset objects reloaded before import = 0Number of asset objects unloaded after import = 0

========================================================================
Received Import Request.
  Time since last request: 0.000021 seconds.
  path: Assets/BrokenVector/LowPolyRoadPack/Prefabs/Freeway Straight 1.prefab
  artifactKey: Guid(ad182cc030f80d2418924040efeaaedb) Importer(2089858483,3d70f49cd1c2eb9ae422958d1c652c6b)
Start importing Assets/BrokenVector/LowPolyRoadPack/Prefabs/Freeway Straight 1.prefab using Guid(ad182cc030f80d2418924040efeaaedb) Importer(2089858483,3d70f49cd1c2eb9ae422958d1c652c6b) (ScriptedImporter) -> (artifact id: '6b46f5acf3d759e597ae0f549cc48ee0') in 0.0380535 seconds
Number of updated asset objects reloaded before import = 0Number of asset objects unloaded after import = 9

========================================================================
Received Import Request.
  Time since last request: 0.000022 seconds.
  path: Assets/BrokenVector/LowPolyRoadPack/Prefabs/Highway Straight 2.prefab
  artifactKey: Guid(260ff3c3667b2bd4f82382b31d2ef823) Importer(2089858483,3d70f49cd1c2eb9ae422958d1c652c6b)
Start importing Assets/BrokenVector/LowPolyRoadPack/Prefabs/Highway Straight 2.prefab using Guid(260ff3c3667b2bd4f82382b31d2ef823) Importer(2089858483,3d70f49cd1c2eb9ae422958d1c652c6b) (ScriptedImporter) -> (artifact id: 'babb48197f9323e85a502e6ad258438f') in 0.0230613 seconds
Number of updated asset objects reloaded before import = 0Number of asset objects unloaded after import = 10

========================================================================
Received Import Request.
  Time since last request: 0.000028 seconds.
  path: Assets/_Unity Essentials/Prefabs/Collectibles/Collectible_FishBones.prefab
  artifactKey: Guid(5ff8a3926043a4f9594b3270dc0282d2) Importer(2089858483,3d70f49cd1c2eb9ae422958d1c652c6b)
Start importing Assets/_Unity Essentials/Prefabs/Collectibles/Collectible_FishBones.prefab using Guid(5ff8a3926043a4f9594b3270dc0282d2) Importer(2089858483,3d70f49cd1c2eb9ae422958d1c652c6b) (ScriptedImporter) -> (artifact id: '0e6bf81f65c434c75cc9be1d17e8bee5') in 0.0199462 seconds
Number of updated asset objects reloaded before import = 0Number of asset objects unloaded after import = 9

========================================================================
Received Import Request.
  Time since last request: 0.000037 seconds.
  path: Assets/_Unity Essentials/Prefabs/Characters/RobotVacuum_2.prefab
  artifactKey: Guid(04edd7db8eccc4a7abbb77ea1eda35a4) Importer(2089858483,3d70f49cd1c2eb9ae422958d1c652c6b)
Start importing Assets/_Unity Essentials/Prefabs/Characters/RobotVacuum_2.prefab using Guid(04edd7db8eccc4a7abbb77ea1eda35a4) Importer(2089858483,3d70f49cd1c2eb9ae422958d1c652c6b) (ScriptedImporter) -> (artifact id: '9e1c0c7e2ae149b4b7656e33bce8ae52') in 0.0207225 seconds
Number of updated asset objects reloaded before import = 0Number of asset objects unloaded after import = 24

========================================================================
Received Import Request.
  Time since last request: 0.000025 seconds.
  path: Assets/_Unity Essentials/Prefabs/Bedroom/RugDoorMat_Gray.prefab
  artifactKey: Guid(15667fbd8f34a4540833418bfa3c6594) Importer(2089858483,3d70f49cd1c2eb9ae422958d1c652c6b)
Start importing Assets/_Unity Essentials/Prefabs/Bedroom/RugDoorMat_Gray.prefab using Guid(15667fbd8f34a4540833418bfa3c6594) Importer(2089858483,3d70f49cd1c2eb9ae422958d1c652c6b) (ScriptedImporter) -> (artifact id: '479c0cd208edb64087163d23b727d231') in 0.0251909 seconds
Number of updated asset objects reloaded before import = 0Number of asset objects unloaded after import = 8

========================================================================
Received Import Request.
  Time since last request: 0.000019 seconds.
  path: Assets/_Unity Essentials/Prefabs/Collectibles/Collectible_Money.prefab
  artifactKey: Guid(b4d5ca0fa8c7e40c2aced4500cba8627) Importer(2089858483,3d70f49cd1c2eb9ae422958d1c652c6b)
Start importing Assets/_Unity Essentials/Prefabs/Collectibles/Collectible_Money.prefab using Guid(b4d5ca0fa8c7e40c2aced4500cba8627) Importer(2089858483,3d70f49cd1c2eb9ae422958d1c652c6b) (ScriptedImporter) -> (artifact id: '6572a781a34d7531759af7313f27a10d') in 0.0246168 seconds
Number of updated asset objects reloaded before import = 0Number of asset objects unloaded after import = 9

========================================================================
Received Import Request.
  Time since last request: 0.000024 seconds.
  path: Assets/_Unity Essentials/Prefabs/My Prefabs/Block.prefab
  artifactKey: Guid(2adb5cc80e0c46443969c68cc64a1238) Importer(2089858483,192608db42251d675da83286b1cce702)
Start importing Assets/_Unity Essentials/Prefabs/My Prefabs/Block.prefab using Guid(2adb5cc80e0c46443969c68cc64a1238) Importer(2089858483,192608db42251d675da83286b1cce702) (ScriptedImporter) -> (artifact id: 'a1c6a736c375f3a8b8b197a23d934694') in 0.0663735 seconds
Number of updated asset objects reloaded before import = 0Number of asset objects unloaded after import = 24

========================================================================
Received Import Request.
  Time since last request: 0.000037 seconds.
  path: Assets/Settings/Balanced_PipelineAsset_ForwardRenderer.asset
  artifactKey: Guid(223a2982031525f4d966baa721af86a6) Importer(2089858483,3d70f49cd1c2eb9ae422958d1c652c6b)
Start importing Assets/Settings/Balanced_PipelineAsset_ForwardRenderer.asset using Guid(223a2982031525f4d966baa721af86a6) Importer(2089858483,3d70f49cd1c2eb9ae422958d1c652c6b) (ScriptedImporter) -> (artifact id: 'cd554e6396f0c529328bfc567f497c12') in 0.0726085 seconds
Number of updated asset objects reloaded before import = 0Number of asset objects unloaded after import = 0

========================================================================
Received Import Request.
  Time since last request: 0.000018 seconds.
  path: Assets/_Unity Essentials/Prefabs/Floor/Floor4m _Wood.prefab
  artifactKey: Guid(fc96b1e4bef3848afafed6bab0b61e77) Importer(2089858483,3d70f49cd1c2eb9ae422958d1c652c6b)
Start importing Assets/_Unity Essentials/Prefabs/Floor/Floor4m _Wood.prefab using Guid(fc96b1e4bef3848afafed6bab0b61e77) Importer(2089858483,3d70f49cd1c2eb9ae422958d1c652c6b) (ScriptedImporter) -> (artifact id: '2545553aa1e83c53d528a80307dbf997') in 0.023785 seconds
Number of updated asset objects reloaded before import = 0Number of asset objects unloaded after import = 10

========================================================================
Received Import Request.
  Time since last request: 0.000022 seconds.
  path: Assets/_Unity Essentials/Prefabs/Bedroom/Bed_Full_BR001.prefab
  artifactKey: Guid(91cb57669e8d08e4788a4c6f53a1e41b) Importer(2089858483,3d70f49cd1c2eb9ae422958d1c652c6b)
Start importing Assets/_Unity Essentials/Prefabs/Bedroom/Bed_Full_BR001.prefab using Guid(91cb57669e8d08e4788a4c6f53a1e41b) Importer(2089858483,3d70f49cd1c2eb9ae422958d1c652c6b) (ScriptedImporter) -> (artifact id: '8c693a1ad5ce8cb504f99327993d4d41') in 0.0225543 seconds
Number of updated asset objects reloaded before import = 0Number of asset objects unloaded after import = 35

========================================================================
Received Import Request.
  Time since last request: 0.000032 seconds.
  path: Assets/_Unity Essentials/Prefabs/Bedroom/Rocking Horse.prefab
  artifactKey: Guid(82de2a4708a484239bd9ea509daa56e4) Importer(2089858483,3d70f49cd1c2eb9ae422958d1c652c6b)
Start importing Assets/_Unity Essentials/Prefabs/Bedroom/Rocking Horse.prefab using Guid(82de2a4708a484239bd9ea509daa56e4) Importer(2089858483,3d70f49cd1c2eb9ae422958d1c652c6b) (ScriptedImporter) -> (artifact id: '36e149ef2c7ba221591135edfb336d4d') in 0.0275036 seconds
Number of updated asset objects reloaded before import = 0Number of asset objects unloaded after import = 14

========================================================================
Received Import Request.
  Time since last request: 0.000022 seconds.
  path: Assets/BrokenVector/LowPolyRoadPack/Prefabs/Highway Join Highway 1.prefab
  artifactKey: Guid(61bdc52826fce8f4d82932062de95073) Importer(2089858483,3d70f49cd1c2eb9ae422958d1c652c6b)
Start importing Assets/BrokenVector/LowPolyRoadPack/Prefabs/Highway Join Highway 1.prefab using Guid(61bdc52826fce8f4d82932062de95073) Importer(2089858483,3d70f49cd1c2eb9ae422958d1c652c6b) (ScriptedImporter) -> (artifact id: 'eb4d5da64d6e7756483453b5a2f7324a') in 0.0200386 seconds
Number of updated asset objects reloaded before import = 0Number of asset objects unloaded after import = 10

========================================================================
Received Import Request.
  Time since last request: 0.000018 seconds.
  path: Assets/_Unity Essentials/Prefabs/Characters/Car_Racing.prefab
  artifactKey: Guid(b1b1d5422f9604f19b5b88a945ebb435) Importer(2089858483,3d70f49cd1c2eb9ae422958d1c652c6b)
Start importing Assets/_Unity Essentials/Prefabs/Characters/Car_Racing.prefab using Guid(b1b1d5422f9604f19b5b88a945ebb435) Importer(2089858483,3d70f49cd1c2eb9ae422958d1c652c6b) (ScriptedImporter) -> (artifact id: '857e2f71e422f9c9ab350e431ba6d007') in 0.0244464 seconds
Number of updated asset objects reloaded before import = 0Number of asset objects unloaded after import = 73

========================================================================
Received Import Request.
  Time since last request: 0.000026 seconds.
  path: Assets/_Unity Essentials/Prefabs/Lights/LampSmall.prefab
  artifactKey: Guid(de892086637b2954a894699a741c5465) Importer(2089858483,3d70f49cd1c2eb9ae422958d1c652c6b)
Start importing Assets/_Unity Essentials/Prefabs/Lights/LampSmall.prefab using Guid(de892086637b2954a894699a741c5465) Importer(2089858483,3d70f49cd1c2eb9ae422958d1c652c6b) (ScriptedImporter) -> (artifact id: '9e6b02a7e0fc3a28cbdb12caab2184d9') in 0.021593 seconds
Number of updated asset objects reloaded before import = 0Number of asset objects unloaded after import = 32

========================================================================
Received Import Request.
  Time since last request: 0.000032 seconds.
  path: Assets/_Unity Essentials/Prefabs/Kitchen/CabinetLower_Backsplash_30Wx24Dx36H_Sink_KN001a.prefab
  artifactKey: Guid(31ebc2f27d1e74044b22d9e302af0e9c) Importer(2089858483,3d70f49cd1c2eb9ae422958d1c652c6b)
Start importing Assets/_Unity Essentials/Prefabs/Kitchen/CabinetLower_Backsplash_30Wx24Dx36H_Sink_KN001a.prefab using Guid(31ebc2f27d1e74044b22d9e302af0e9c) Importer(2089858483,3d70f49cd1c2eb9ae422958d1c652c6b) (ScriptedImporter) -> (artifact id: '609692116698907b683b16a7e8897e28') in 0.0222982 seconds
Number of updated asset objects reloaded before import = 0Number of asset objects unloaded after import = 59

========================================================================
Received Import Request.
  Time since last request: 0.000020 seconds.
  path: Assets/_Unity Essentials/Prefabs/Lights/LampTall.prefab
  artifactKey: Guid(ebc13ed40311b184c98364ffba271c6c) Importer(2089858483,3d70f49cd1c2eb9ae422958d1c652c6b)
Start importing Assets/_Unity Essentials/Prefabs/Lights/LampTall.prefab using Guid(ebc13ed40311b184c98364ffba271c6c) Importer(2089858483,3d70f49cd1c2eb9ae422958d1c652c6b) (ScriptedImporter) -> (artifact id: '1e79aa29718a33e4bfb17edeacd49870') in 0.0272644 seconds
Number of updated asset objects reloaded before import = 0Number of asset objects unloaded after import = 36

========================================================================
Received Import Request.
  Time since last request: 0.000025 seconds.
  path: Assets/_Unity Essentials/Materials/My Materials/John Lemon.png
  artifactKey: Guid(70ce4b98f9c6fb7448def2b5ac139a46) Importer(2089858483,192608db42251d675da83286b1cce702)
Start importing Assets/_Unity Essentials/Materials/My Materials/John Lemon.png using Guid(70ce4b98f9c6fb7448def2b5ac139a46) Importer(2089858483,192608db42251d675da83286b1cce702) (ScriptedImporter) -> (artifact id: 'dad79ddd066dd5d61a15a6461626156b') in 0.0298412 seconds
Number of updated asset objects reloaded before import = 0Number of asset objects unloaded after import = 1

========================================================================
Received Import Request.
  Time since last request: 0.000023 seconds.
  path: Assets/KajamansRoads/Materials/DefaultPhysicsMaterial.physicMaterial
  artifactKey: Guid(942d75633d65e564f9d0bd608fd72c40) Importer(2089858483,192608db42251d675da83286b1cce702)
Start importing Assets/KajamansRoads/Materials/DefaultPhysicsMaterial.physicMaterial using Guid(942d75633d65e564f9d0bd608fd72c40) Importer(2089858483,192608db42251d675da83286b1cce702) (ScriptedImporter) -> (artifact id: '9c5c6cbf447784239f228c18354760c6') in 0.0213858 seconds
Number of updated asset objects reloaded before import = 0Number of asset objects unloaded after import = 1

========================================================================
Received Import Request.
  Time since last request: 0.000030 seconds.
  path: Assets/_Unity Essentials/Prefabs/Characters/UFO.prefab
  artifactKey: Guid(bc3f8280b6d69439cb3e7c45f5c84cd8) Importer(2089858483,3d70f49cd1c2eb9ae422958d1c652c6b)
Start importing Assets/_Unity Essentials/Prefabs/Characters/UFO.prefab using Guid(bc3f8280b6d69439cb3e7c45f5c84cd8) Importer(2089858483,3d70f49cd1c2eb9ae422958d1c652c6b) (ScriptedImporter) -> (artifact id: '1ec18ce16bd3f7b2b13d55cfc9b135a1') in 0.0297786 seconds
Number of updated asset objects reloaded before import = 0Number of asset objects unloaded after import = 110

========================================================================
Received Import Request.
  Time since last request: 0.000021 seconds.
  path: Assets/TextMesh Pro/Resources/Sprite Assets/EmojiOne.asset
  artifactKey: Guid(c41005c129ba4d66911b75229fd70b45) Importer(2089858483,3d70f49cd1c2eb9ae422958d1c652c6b)
Start importing Assets/TextMesh Pro/Resources/Sprite Assets/EmojiOne.asset using Guid(c41005c129ba4d66911b75229fd70b45) Importer(2089858483,3d70f49cd1c2eb9ae422958d1c652c6b) (ScriptedImporter) -> (artifact id: '89ebae8f8bbe92baf76c7cd8660aab80') in 0.0247513 seconds
Number of updated asset objects reloaded before import = 0Number of asset objects unloaded after import = 2

========================================================================
Received Import Request.
  Time since last request: 0.000020 seconds.
  path: Assets/_Unity Essentials/Prefabs/Living Room/TableRectangleShort.prefab
  artifactKey: Guid(0bb7e2d2dd1ca30478c670b90ac27dea) Importer(2089858483,3d70f49cd1c2eb9ae422958d1c652c6b)
Start importing Assets/_Unity Essentials/Prefabs/Living Room/TableRectangleShort.prefab using Guid(0bb7e2d2dd1ca30478c670b90ac27dea) Importer(2089858483,3d70f49cd1c2eb9ae422958d1c652c6b) (ScriptedImporter) -> (artifact id: '1ee34600190b30e43107d0f1fdf32cb2') in 0.0212313 seconds
Number of updated asset objects reloaded before import = 0Number of asset objects unloaded after import = 15

========================================================================
Received Import Request.
  Time since last request: 0.000023 seconds.
  path: Assets/_Unity Essentials/Prefabs/Living Room/ShelvesMediumA.prefab
  artifactKey: Guid(e37536240892e1f49a7ccddc63ac1a4b) Importer(2089858483,3d70f49cd1c2eb9ae422958d1c652c6b)
Start importing Assets/_Unity Essentials/Prefabs/Living Room/ShelvesMediumA.prefab using Guid(e37536240892e1f49a7ccddc63ac1a4b) Importer(2089858483,3d70f49cd1c2eb9ae422958d1c652c6b) (ScriptedImporter) -> (artifact id: '2264e7f6a40bf987e6caf52aef76f78b') in 0.0204575 seconds
Number of updated asset objects reloaded before import = 0Number of asset objects unloaded after import = 9

========================================================================
Received Import Request.
  Time since last request: 0.000032 seconds.
  path: Assets/BrokenVector/LowPolyRoadPack/Prefabs/Parkinglot Center 1.prefab
  artifactKey: Guid(aa844cbc7cd603f45b3a56fed001aee3) Importer(2089858483,3d70f49cd1c2eb9ae422958d1c652c6b)
Start importing Assets/BrokenVector/LowPolyRoadPack/Prefabs/Parkinglot Center 1.prefab using Guid(aa844cbc7cd603f45b3a56fed001aee3) Importer(2089858483,3d70f49cd1c2eb9ae422958d1c652c6b) (ScriptedImporter) -> (artifact id: '962c73436f61dae96cbc8eecfac1eda1') in 0.0246625 seconds
Number of updated asset objects reloaded before import = 0Number of asset objects unloaded after import = 9

========================================================================
Received Import Request.
  Time since last request: 0.000019 seconds.
  path: Assets/KajamansRoads/Free/Prefabs/l10km_cc4_sl20_t(12123025)_A87113010_Alley.prefab
  artifactKey: Guid(7cc1045a0e531c442bdc048fdfbd1231) Importer(2089858483,3d70f49cd1c2eb9ae422958d1c652c6b)
Start importing Assets/KajamansRoads/Free/Prefabs/l10km_cc4_sl20_t(12123025)_A87113010_Alley.prefab using Guid(7cc1045a0e531c442bdc048fdfbd1231) Importer(2089858483,3d70f49cd1c2eb9ae422958d1c652c6b) (ScriptedImporter) -> (artifact id: '46e3d503acf80cf860b602636c1c2e50') in 0.0423165 seconds
Number of updated asset objects reloaded before import = 0Number of asset objects unloaded after import = 8

========================================================================
Received Import Request.
  Time since last request: 0.000021 seconds.
  path: Assets/_Unity Essentials/Prefabs/Collectibles/Collectible_Tonic.prefab
  artifactKey: Guid(25000b67ff30b473a87c8ee24dbf36c4) Importer(2089858483,3d70f49cd1c2eb9ae422958d1c652c6b)
Start importing Assets/_Unity Essentials/Prefabs/Collectibles/Collectible_Tonic.prefab using Guid(25000b67ff30b473a87c8ee24dbf36c4) Importer(2089858483,3d70f49cd1c2eb9ae422958d1c652c6b) (ScriptedImporter) -> (artifact id: '242433113738688aca68e4dba19c0d6e') in 0.0370224 seconds
Number of updated asset objects reloaded before import = 0Number of asset objects unloaded after import = 11

========================================================================
Received Import Request.
  Time since last request: 0.000021 seconds.
  path: Assets/_Unity Essentials/Materials/My Materials/Frame_Mat.mat
  artifactKey: Guid(26de3aba9e749314c99a3b57e8ea90d5) Importer(2089858483,192608db42251d675da83286b1cce702)
Start importing Assets/_Unity Essentials/Materials/My Materials/Frame_Mat.mat using Guid(26de3aba9e749314c99a3b57e8ea90d5) Importer(2089858483,192608db42251d675da83286b1cce702) (ScriptedImporter) -> (artifact id: '632361898f461471941dcb7e3003aa4c') in 0.0889325 seconds
Number of updated asset objects reloaded before import = 0Number of asset objects unloaded after import = 1

========================================================================
Received Import Request.
  Time since last request: 0.000031 seconds.
  path: Assets/_Unity Essentials/Prefabs/Objects/Mug.prefab
  artifactKey: Guid(2ac041640baae784d9f2cf1c944ab291) Importer(2089858483,3d70f49cd1c2eb9ae422958d1c652c6b)
Start importing Assets/_Unity Essentials/Prefabs/Objects/Mug.prefab using Guid(2ac041640baae784d9f2cf1c944ab291) Importer(2089858483,3d70f49cd1c2eb9ae422958d1c652c6b) (ScriptedImporter) -> (artifact id: '21e84c247db3d921e348077452dc5e6e') in 0.0717603 seconds
Number of updated asset objects reloaded before import = 0Number of asset objects unloaded after import = 8

========================================================================
Received Import Request.
  Time since last request: 0.000020 seconds.
  path: Assets/_Unity Essentials/Prefabs/Objects/PlantPotRoundMedium.prefab
  artifactKey: Guid(4c00d4e527e5ce04dbbb4920cec10370) Importer(2089858483,3d70f49cd1c2eb9ae422958d1c652c6b)
Start importing Assets/_Unity Essentials/Prefabs/Objects/PlantPotRoundMedium.prefab using Guid(4c00d4e527e5ce04dbbb4920cec10370) Importer(2089858483,3d70f49cd1c2eb9ae422958d1c652c6b) (ScriptedImporter) -> (artifact id: '21702da9033a5282add1e15befc4afc5') in 0.0579107 seconds
Number of updated asset objects reloaded before import = 0Number of asset objects unloaded after import = 19

========================================================================
Received Import Request.
  Time since last request: 0.000032 seconds.
  path: Assets/_Unity Essentials/Prefabs/Outdoor/FirePit_32in_BY001.prefab
  artifactKey: Guid(e99199c67a86f99428096311aefd2130) Importer(2089858483,3d70f49cd1c2eb9ae422958d1c652c6b)
Start importing Assets/_Unity Essentials/Prefabs/Outdoor/FirePit_32in_BY001.prefab using Guid(e99199c67a86f99428096311aefd2130) Importer(2089858483,3d70f49cd1c2eb9ae422958d1c652c6b) (ScriptedImporter) -> (artifact id: '75b209bc7fae3310ed7a9cd717d83059') in 0.0190411 seconds
Number of updated asset objects reloaded before import = 0Number of asset objects unloaded after import = 15

========================================================================
Received Import Request.
  Time since last request: 0.000023 seconds.
  path: Assets/Settings/High Fidelity_PipelineAsset.asset
  artifactKey: Guid(c578dc70946b07c458a2bbb1537e252b) Importer(2089858483,3d70f49cd1c2eb9ae422958d1c652c6b)
Start importing Assets/Settings/High Fidelity_PipelineAsset.asset using Guid(c578dc70946b07c458a2bbb1537e252b) Importer(2089858483,3d70f49cd1c2eb9ae422958d1c652c6b) (ScriptedImporter) -> (artifact id: '761c94d8e7fa28d5357a2d4839e5937e') in 0.0825398 seconds
Number of updated asset objects reloaded before import = 0Number of asset objects unloaded after import = 0

========================================================================
Received Import Request.
  Time since last request: 0.000022 seconds.
  path: Assets/KajamansRoads/Textures/Road_2lane_dark02_n.png
  artifactKey: Guid(3b88c54e1b097ea4f9cbaa7791d4eb88) Importer(2089858483,192608db42251d675da83286b1cce702)
Start importing Assets/KajamansRoads/Textures/Road_2lane_dark02_n.png using Guid(3b88c54e1b097ea4f9cbaa7791d4eb88) Importer(2089858483,192608db42251d675da83286b1cce702) (ScriptedImporter) -> (artifact id: '4bc0a1c6ecd19ec84e3c5d70a1f181b3') in 0.2075695 seconds
Number of updated asset objects reloaded before import = 0Number of asset objects unloaded after import = 1

========================================================================
Received Import Request.
  Time since last request: 0.000031 seconds.
  path: Assets/_Unity Essentials/Prefabs/Outdoor/Ring.prefab
  artifactKey: Guid(14c61db565b4f4afb9a5c5113037f758) Importer(2089858483,3d70f49cd1c2eb9ae422958d1c652c6b)
Start importing Assets/_Unity Essentials/Prefabs/Outdoor/Ring.prefab using Guid(14c61db565b4f4afb9a5c5113037f758) Importer(2089858483,3d70f49cd1c2eb9ae422958d1c652c6b) (ScriptedImporter) -> (artifact id: 'c91c299b10604137e0efa5b7e69fee4b') in 0.0203557 seconds
Number of updated asset objects reloaded before import = 0Number of asset objects unloaded after import = 40

========================================================================
Received Import Request.
  Time since last request: 0.000019 seconds.
  path: Assets/KajamansRoads/Free/Obj
  artifactKey: Guid(cb6e46b479d089d4cb4644e1b920442d) Importer(2089858483,192608db42251d675da83286b1cce702)
Start importing Assets/KajamansRoads/Free/Obj using Guid(cb6e46b479d089d4cb4644e1b920442d) Importer(2089858483,192608db42251d675da83286b1cce702) (ScriptedImporter) -> (artifact id: 'fb8885e2cecc734fc98579c318479eb1') in 0.0956797 seconds
Number of updated asset objects reloaded before import = 0Number of asset objects unloaded after import = 1

========================================================================
Received Import Request.
  Time since last request: 0.000021 seconds.
  path: Assets/_Unity Essentials/Scenes/4_LivingRoom_Programming_Scene.unity
  artifactKey: Guid(a6368f7fda5ac4dca86952aebdc7d568) Importer(2089858483,192608db42251d675da83286b1cce702)
Start importing Assets/_Unity Essentials/Scenes/4_LivingRoom_Programming_Scene.unity using Guid(a6368f7fda5ac4dca86952aebdc7d568) Importer(2089858483,192608db42251d675da83286b1cce702) (ScriptedImporter) -> (artifact id: '6b7d3ec45e801b79019d620e14ca9123') in 0.0865437 seconds
Number of updated asset objects reloaded before import = 0Number of asset objects unloaded after import = 1

========================================================================
Received Import Request.
  Time since last request: 0.000028 seconds.
  path: Assets/_Unity Essentials/Prefabs/Kitchen/CabinetLower_Backsplash_30Wx24Dx36H_KN002a.prefab
  artifactKey: Guid(7db4b10b6197b9d4c917bec3dfe85d59) Importer(2089858483,3d70f49cd1c2eb9ae422958d1c652c6b)
Start importing Assets/_Unity Essentials/Prefabs/Kitchen/CabinetLower_Backsplash_30Wx24Dx36H_KN002a.prefab using Guid(7db4b10b6197b9d4c917bec3dfe85d59) Importer(2089858483,3d70f49cd1c2eb9ae422958d1c652c6b) (ScriptedImporter) -> (artifact id: '49342a4898f49652d53287320c38a962') in 0.0233347 seconds
Number of updated asset objects reloaded before import = 0Number of asset objects unloaded after import = 95

========================================================================
Received Import Request.
  Time since last request: 0.000021 seconds.
  path: Assets/KajamansRoads/Materials/GrassMob.mat
  artifactKey: Guid(8416ef8d926448d478f2d1436d6c6838) Importer(2089858483,192608db42251d675da83286b1cce702)
Start importing Assets/KajamansRoads/Materials/GrassMob.mat using Guid(8416ef8d926448d478f2d1436d6c6838) Importer(2089858483,192608db42251d675da83286b1cce702) (ScriptedImporter) -> (artifact id: '1d45f2ce6e5ef98fd405e5e936b62a97') in 0.0203099 seconds
Number of updated asset objects reloaded before import = 0Number of asset objects unloaded after import = 2

========================================================================
Received Import Request.
  Time since last request: 0.000052 seconds.
  path: Assets/_Unity Essentials/Prefabs/UI/Remaining_Collectibles_UI.prefab
  artifactKey: Guid(11df39673429a452dbbcbc5da55020d6) Importer(2089858483,3d70f49cd1c2eb9ae422958d1c652c6b)
Start importing Assets/_Unity Essentials/Prefabs/UI/Remaining_Collectibles_UI.prefab using Guid(11df39673429a452dbbcbc5da55020d6) Importer(2089858483,3d70f49cd1c2eb9ae422958d1c652c6b) (ScriptedImporter)The method get_fontSharedMaterials was not found on Text (TMP). This property will not be indexed.
UnityEngine.Debug:ExtractStackTraceNoAlloc (byte*,int,string)
UnityEngine.StackTraceUtility:ExtractStackTrace ()
UnityEngine.DebugLogHandler:Internal_Log (UnityEngine.LogType,UnityEngine.LogOption,string,UnityEngine.Object)
UnityEngine.DebugLogHandler:LogFormat (UnityEngine.LogType,UnityEngine.Object,string,object[])
UnityEngine.Logger:Log (UnityEngine.LogType,object)
UnityEngine.Debug:LogWarning (object)
UnityEditor.Rendering.Universal.MaterialReferenceBuilder:GetMaterialFromMethod (System.Reflection.MethodInfo,UnityEngine.Object,System.Func`3<string, string, string>) (at ./Library/PackageCache/com.unity.render-pipelines.universal@ec146228694a/Editor/Converter/MaterialReferenceBuilder.cs:133)
UnityEditor.Rendering.Universal.ConversionIndexers:ConversionIndexer (UnityEditor.Search.CustomObjectIndexerTarget,UnityEditor.Search.ObjectIndexer) (at ./Library/PackageCache/com.unity.render-pipelines.universal@ec146228694a/Editor/Converter/ConversionIndexers.cs:21)
UnityEditor.Search.ObjectIndexer:CallCustomIndexers (string,int,UnityEngine.Object,UnityEditor.SerializedObject,bool)
UnityEditor.Search.ObjectIndexer:IndexCustomProperties (string,int,UnityEngine.Object)
UnityEditor.Search.AssetIndexer:IndexCustomGameObjectProperties (string,int,UnityEngine.GameObject)
UnityEditor.Search.AssetIndexer:IndexObjects (UnityEngine.GameObject[],string,string,string,bool)
UnityEditor.Search.AssetIndexer:IndexPrefab (string,bool)
UnityEditor.Search.AssetIndexer:IndexSceneDocument (string,bool)
UnityEditor.Search.AssetIndexer:IndexDocument (string,bool)
UnityEditor.Search.SearchIndexEntryImporter:OnImportAsset (UnityEditor.AssetImporters.AssetImportContext)
UnityEditor.AssetImporters.ScriptedImporter:GenerateAssetData (UnityEditor.AssetImporters.AssetImportContext)

(Filename: ./Library/PackageCache/com.unity.render-pipelines.universal@ec146228694a/Editor/Converter/MaterialReferenceBuilder.cs Line: 133)

 -> (artifact id: 'baeb9715a3d294a628259bc4c89f290d') in 0.1103957 seconds
Number of updated asset objects reloaded before import = 0Number of asset objects unloaded after import = 24

========================================================================
Received Import Request.
  Time since last request: 0.000024 seconds.
  path: Assets/BrokenVector/LowPolyRoadPack/Prefabs/Parkinglot Edge 3.prefab
  artifactKey: Guid(ed0aae2e11d87014f915283c004cede3) Importer(2089858483,3d70f49cd1c2eb9ae422958d1c652c6b)
Start importing Assets/BrokenVector/LowPolyRoadPack/Prefabs/Parkinglot Edge 3.prefab using Guid(ed0aae2e11d87014f915283c004cede3) Importer(2089858483,3d70f49cd1c2eb9ae422958d1c652c6b) (ScriptedImporter) -> (artifact id: '3a256022e56428fc6d591525c5ab0a42') in 0.0186305 seconds
Number of updated asset objects reloaded before import = 0Number of asset objects unloaded after import = 9

========================================================================
Received Import Request.
  Time since last request: 0.000034 seconds.
  path: Assets/_Unity Essentials/Prefabs/Walls/WallWindowTall4m.prefab
  artifactKey: Guid(e79ec92704f45584dbb6e0e569b69d8c) Importer(2089858483,3d70f49cd1c2eb9ae422958d1c652c6b)
Start importing Assets/_Unity Essentials/Prefabs/Walls/WallWindowTall4m.prefab using Guid(e79ec92704f45584dbb6e0e569b69d8c) Importer(2089858483,3d70f49cd1c2eb9ae422958d1c652c6b) (ScriptedImporter) -> (artifact id: '0a1deaec5110f3f89e83fc81767e21b1') in 0.0646341 seconds
Number of updated asset objects reloaded before import = 0Number of asset objects unloaded after import = 31

========================================================================
Received Import Request.
  Time since last request: 0.000025 seconds.
  path: Assets/KajamansRoads/Textures/DemoName01.png
  artifactKey: Guid(e752658a8b96fdd4dadb427ac9d6a390) Importer(2089858483,192608db42251d675da83286b1cce702)
Start importing Assets/KajamansRoads/Textures/DemoName01.png using Guid(e752658a8b96fdd4dadb427ac9d6a390) Importer(2089858483,192608db42251d675da83286b1cce702) (ScriptedImporter) -> (artifact id: '3a2207af005be1509686819f0311aeca') in 0.0548327 seconds
Number of updated asset objects reloaded before import = 0Number of asset objects unloaded after import = 3

========================================================================
Received Import Request.
  Time since last request: 0.000020 seconds.
  path: Assets/_Unity Essentials/Prefabs/Bedroom/Bed_Twin_BR002.prefab
  artifactKey: Guid(b1a2f1d09bef1e54b8400598009e088b) Importer(2089858483,3d70f49cd1c2eb9ae422958d1c652c6b)
Start importing Assets/_Unity Essentials/Prefabs/Bedroom/Bed_Twin_BR002.prefab using Guid(b1a2f1d09bef1e54b8400598009e088b) Importer(2089858483,3d70f49cd1c2eb9ae422958d1c652c6b) (ScriptedImporter) -> (artifact id: '6a94cad304c09e05daedb6c1271a3940') in 0.0207865 seconds
Number of updated asset objects reloaded before import = 0Number of asset objects unloaded after import = 26

========================================================================
Received Import Request.
  Time since last request: 0.000033 seconds.
  path: Assets/_Unity Essentials/Prefabs/My Prefabs/ConfettiEffect.prefab
  artifactKey: Guid(7db7ed7ab6e0c6a4fb2b0f02e91df0ab) Importer(2089858483,3d70f49cd1c2eb9ae422958d1c652c6b)
Start importing Assets/_Unity Essentials/Prefabs/My Prefabs/ConfettiEffect.prefab using Guid(7db7ed7ab6e0c6a4fb2b0f02e91df0ab) Importer(2089858483,3d70f49cd1c2eb9ae422958d1c652c6b) (ScriptedImporter) -> (artifact id: '8d4b90a24fe5e0e70d5daead9345207a') in 0.0280582 seconds
Number of updated asset objects reloaded before import = 0Number of asset objects unloaded after import = 6

========================================================================
Received Import Request.
  Time since last request: 0.000021 seconds.
  path: Assets/_Unity Essentials/Tutorials/M_01_Editor/Tutorial 1.asset
  artifactKey: Guid(97a03c6e3a114aa43b36a6215872045e) Importer(2089858483,3d70f49cd1c2eb9ae422958d1c652c6b)
Start importing Assets/_Unity Essentials/Tutorials/M_01_Editor/Tutorial 1.asset using Guid(97a03c6e3a114aa43b36a6215872045e) Importer(2089858483,3d70f49cd1c2eb9ae422958d1c652c6b) (ScriptedImporter) -> (artifact id: '25cabf65b6cf0624d9f35d096c6a7ba1') in 2.4968816 seconds
Number of updated asset objects reloaded before import = 0Number of asset objects unloaded after import = 272

========================================================================
Received Import Request.
  Time since last request: 0.000026 seconds.
  path: Assets/_Unity Essentials/Tutorials/M_02_3D/2.2/Step_2.2.10.asset
  artifactKey: Guid(afc1f59b842a24367b5008355eb1d9ed) Importer(2089858483,3d70f49cd1c2eb9ae422958d1c652c6b)
Start importing Assets/_Unity Essentials/Tutorials/M_02_3D/2.2/Step_2.2.10.asset using Guid(afc1f59b842a24367b5008355eb1d9ed) Importer(2089858483,3d70f49cd1c2eb9ae422958d1c652c6b) (ScriptedImporter) -> (artifact id: '425cc9f4a6e0bf213b63220e04dfad8d') in 0.029825 seconds
Number of updated asset objects reloaded before import = 0Number of asset objects unloaded after import = 0

========================================================================
Received Import Request.
  Time since last request: 0.000027 seconds.
  path: Assets/_Unity Essentials/Tutorials/M_02_3D/2.4/Step_2.4.1.asset
  artifactKey: Guid(6178dae79ae274e678db8679e8e09d0a) Importer(2089858483,3d70f49cd1c2eb9ae422958d1c652c6b)
Start importing Assets/_Unity Essentials/Tutorials/M_02_3D/2.4/Step_2.4.1.asset using Guid(6178dae79ae274e678db8679e8e09d0a) Importer(2089858483,3d70f49cd1c2eb9ae422958d1c652c6b) (ScriptedImporter) -> (artifact id: 'b0d1c8d97b5bf3ee2388b38101fe1122') in 0.0464374 seconds
Number of updated asset objects reloaded before import = 0Number of asset objects unloaded after import = 1

========================================================================
Received Import Request.
  Time since last request: 0.000021 seconds.
  path: Assets/_Unity Essentials/Tutorials/M_02_3D/2.2/Step_2.2.8.asset
  artifactKey: Guid(44ce0bf5f6d164afca2097a997ec47d2) Importer(2089858483,3d70f49cd1c2eb9ae422958d1c652c6b)
Start importing Assets/_Unity Essentials/Tutorials/M_02_3D/2.2/Step_2.2.8.asset using Guid(44ce0bf5f6d164afca2097a997ec47d2) Importer(2089858483,3d70f49cd1c2eb9ae422958d1c652c6b) (ScriptedImporter) -> (artifact id: '169dc38afdf6a50a28d2ec8e1348337c') in 0.0454312 seconds
Number of updated asset objects reloaded before import = 0Number of asset objects unloaded after import = 0

========================================================================
Received Import Request.
  Time since last request: 0.000021 seconds.
  path: Assets/_Unity Essentials/Tutorials/M_02_3D/2.5/Step_2.5.1.asset
  artifactKey: Guid(71526988d5ab4654eb805cac0bd2f6b3) Importer(2089858483,3d70f49cd1c2eb9ae422958d1c652c6b)
Start importing Assets/_Unity Essentials/Tutorials/M_02_3D/2.5/Step_2.5.1.asset using Guid(71526988d5ab4654eb805cac0bd2f6b3) Importer(2089858483,3d70f49cd1c2eb9ae422958d1c652c6b) (ScriptedImporter) -> (artifact id: '58098afa0d248325791858634145a48a') in 0.0202088 seconds
Number of updated asset objects reloaded before import = 0Number of asset objects unloaded after import = 0

========================================================================
Received Import Request.
  Time since last request: 0.000059 seconds.
  path: Assets/_Unity Essentials/Tutorials/M_02_3D/2.4/Step_2.4.4.asset
  artifactKey: Guid(b8b1333bc3f414eec903585e24d508cf) Importer(2089858483,3d70f49cd1c2eb9ae422958d1c652c6b)
Start importing Assets/_Unity Essentials/Tutorials/M_02_3D/2.4/Step_2.4.4.asset using Guid(b8b1333bc3f414eec903585e24d508cf) Importer(2089858483,3d70f49cd1c2eb9ae422958d1c652c6b) (ScriptedImporter) -> (artifact id: '4f9098b58b4887b23e28025fbf2f789c') in 0.0212506 seconds
Number of updated asset objects reloaded before import = 0Number of asset objects unloaded after import = 0

========================================================================
Received Import Request.
  Time since last request: 0.000025 seconds.
  path: Assets/KajamansRoads/Materials/1RoadMat.mat
  artifactKey: Guid(3a7596c57e2138b4c83f87f7b0aa4074) Importer(2089858483,192608db42251d675da83286b1cce702)
Start importing Assets/KajamansRoads/Materials/1RoadMat.mat using Guid(3a7596c57e2138b4c83f87f7b0aa4074) Importer(2089858483,192608db42251d675da83286b1cce702) (ScriptedImporter) -> (artifact id: '08b34a7fb2dcb8c9a16cbc03d5c3ccbb') in 0.0359122 seconds
Number of updated asset objects reloaded before import = 0Number of asset objects unloaded after import = 2

========================================================================
Received Import Request.
  Time since last request: 0.000020 seconds.
  path: Assets/_Unity Essentials/Tutorials/M_04_Prog/4.1/Step_4.1.3.asset
  artifactKey: Guid(7c1d5f896e9d746739bb538b129098cc) Importer(2089858483,3d70f49cd1c2eb9ae422958d1c652c6b)
Start importing Assets/_Unity Essentials/Tutorials/M_04_Prog/4.1/Step_4.1.3.asset using Guid(7c1d5f896e9d746739bb538b129098cc) Importer(2089858483,3d70f49cd1c2eb9ae422958d1c652c6b) (ScriptedImporter) -> (artifact id: '88674e5eef2666e9bcf94e8fbe9b73e2') in 0.0216218 seconds
Number of updated asset objects reloaded before import = 0Number of asset objects unloaded after import = 0

========================================================================
Received Import Request.
  Time since last request: 0.000043 seconds.
  path: Assets/_Unity Essentials/Tutorials/M_03_Audio/3.2 - Audio MTTT/Step_3.2.1.asset
  artifactKey: Guid(345d6b3b560520642b9b84410861d525) Importer(2089858483,3d70f49cd1c2eb9ae422958d1c652c6b)
Start importing Assets/_Unity Essentials/Tutorials/M_03_Audio/3.2 - Audio MTTT/Step_3.2.1.asset using Guid(345d6b3b560520642b9b84410861d525) Importer(2089858483,3d70f49cd1c2eb9ae422958d1c652c6b) (ScriptedImporter) -> (artifact id: '8b3fe4affa7ef1ad9946658923bf76f0') in 0.0419131 seconds
Number of updated asset objects reloaded before import = 0Number of asset objects unloaded after import = 0

========================================================================
Received Import Request.
  Time since last request: 0.000029 seconds.
  path: Assets/_Unity Essentials/Tutorials/M_03_Audio/3.2 - Audio MTTT/Tut_3.2.asset
  artifactKey: Guid(294450ff12647c842ad83d0828f247ea) Importer(2089858483,3d70f49cd1c2eb9ae422958d1c652c6b)
Start importing Assets/_Unity Essentials/Tutorials/M_03_Audio/3.2 - Audio MTTT/Tut_3.2.asset using Guid(294450ff12647c842ad83d0828f247ea) Importer(2089858483,3d70f49cd1c2eb9ae422958d1c652c6b) (ScriptedImporter) -> (artifact id: '1d0a3166a0c90a6c8dc8f02e0f1e7e83') in 0.8252454 seconds
Number of updated asset objects reloaded before import = 0Number of asset objects unloaded after import = 262

========================================================================
Received Import Request.
  Time since last request: 0.000030 seconds.
  path: Assets/_Unity Essentials/Tutorials/M_05_2D/5.1/Step_5.1.2.asset
  artifactKey: Guid(05125bde2f8e74616bba4703e2977bec) Importer(2089858483,3d70f49cd1c2eb9ae422958d1c652c6b)
Start importing Assets/_Unity Essentials/Tutorials/M_05_2D/5.1/Step_5.1.2.asset using Guid(05125bde2f8e74616bba4703e2977bec) Importer(2089858483,3d70f49cd1c2eb9ae422958d1c652c6b) (ScriptedImporter) -> (artifact id: '3d90f66537ef47a09b3b81c8350a717c') in 0.0225792 seconds
Number of updated asset objects reloaded before import = 0Number of asset objects unloaded after import = 0

========================================================================
Received Import Request.
  Time since last request: 0.000027 seconds.
  path: Assets/_Unity Essentials/Tutorials/M_04_Prog/4.4/Step_4.4.1.asset
  artifactKey: Guid(9244eac34778c544da2ddd6616646deb) Importer(2089858483,3d70f49cd1c2eb9ae422958d1c652c6b)
Start importing Assets/_Unity Essentials/Tutorials/M_04_Prog/4.4/Step_4.4.1.asset using Guid(9244eac34778c544da2ddd6616646deb) Importer(2089858483,3d70f49cd1c2eb9ae422958d1c652c6b) (ScriptedImporter) -> (artifact id: '89370b52b09c8d41a2a726c4c34a30a9') in 0.0195338 seconds
Number of updated asset objects reloaded before import = 0Number of asset objects unloaded after import = 0

========================================================================
Received Import Request.
  Time since last request: 0.000027 seconds.
  path: Assets/_Unity Essentials/Tutorials/M_04_Prog/4.4/Step_4.4.5.asset
  artifactKey: Guid(21defa06b31babb489cee053f7e25abc) Importer(2089858483,3d70f49cd1c2eb9ae422958d1c652c6b)
Start importing Assets/_Unity Essentials/Tutorials/M_04_Prog/4.4/Step_4.4.5.asset using Guid(21defa06b31babb489cee053f7e25abc) Importer(2089858483,3d70f49cd1c2eb9ae422958d1c652c6b) (ScriptedImporter) -> (artifact id: '364dc706910fddbcb7007d6f5a3f23b5') in 0.0189686 seconds
Number of updated asset objects reloaded before import = 0Number of asset objects unloaded after import = 0

========================================================================
Received Import Request.
  Time since last request: 0.000031 seconds.
  path: Assets/_Unity Essentials/Tutorials/M_05_2D/5.1/Step_5.1.3.asset
  artifactKey: Guid(cc85e8408a2a84065a1b50df7d8d467e) Importer(2089858483,3d70f49cd1c2eb9ae422958d1c652c6b)
Start importing Assets/_Unity Essentials/Tutorials/M_05_2D/5.1/Step_5.1.3.asset using Guid(cc85e8408a2a84065a1b50df7d8d467e) Importer(2089858483,3d70f49cd1c2eb9ae422958d1c652c6b) (ScriptedImporter) -> (artifact id: 'a195614dbd122069cc1959ce1e824f8e') in 0.0184902 seconds
Number of updated asset objects reloaded before import = 0Number of asset objects unloaded after import = 0

========================================================================
Received Import Request.
  Time since last request: 0.000019 seconds.
  path: Assets/_Unity Essentials/Tutorials/M_04_Prog/4.5/Step_4.5.1.asset
  artifactKey: Guid(421a75f3a4bf744cbb2e60e8fcd41d22) Importer(2089858483,3d70f49cd1c2eb9ae422958d1c652c6b)
Start importing Assets/_Unity Essentials/Tutorials/M_04_Prog/4.5/Step_4.5.1.asset using Guid(421a75f3a4bf744cbb2e60e8fcd41d22) Importer(2089858483,3d70f49cd1c2eb9ae422958d1c652c6b) (ScriptedImporter) -> (artifact id: '2d36104659968be166f40ada5abed216') in 0.0180827 seconds
Number of updated asset objects reloaded before import = 0Number of asset objects unloaded after import = 0

========================================================================
Received Import Request.
  Time since last request: 0.000024 seconds.
  path: Assets/_Unity Essentials/Prefabs/Bedroom/Bed_Full_BR004.prefab
  artifactKey: Guid(4e2c30afa96250d4d89a458b5f09c90c) Importer(2089858483,3d70f49cd1c2eb9ae422958d1c652c6b)
Start importing Assets/_Unity Essentials/Prefabs/Bedroom/Bed_Full_BR004.prefab using Guid(4e2c30afa96250d4d89a458b5f09c90c) Importer(2089858483,3d70f49cd1c2eb9ae422958d1c652c6b) (ScriptedImporter) -> (artifact id: 'bd27177f02fa5b8ce9d91c782a8bd2ae') in 0.0239635 seconds
Number of updated asset objects reloaded before import = 0Number of asset objects unloaded after import = 35

========================================================================
Received Import Request.
  Time since last request: 0.000033 seconds.
  path: Assets/KajamansRoads/Free/Prefabs/l10km_cc4_sl20_t(12123025)_rw10_wh3_n3_RsBTW_MeshV00_m.prefab
  artifactKey: Guid(6215070e0f160d74998efe50358b3d5e) Importer(2089858483,3d70f49cd1c2eb9ae422958d1c652c6b)
Start importing Assets/KajamansRoads/Free/Prefabs/l10km_cc4_sl20_t(12123025)_rw10_wh3_n3_RsBTW_MeshV00_m.prefab using Guid(6215070e0f160d74998efe50358b3d5e) Importer(2089858483,3d70f49cd1c2eb9ae422958d1c652c6b) (ScriptedImporter) -> (artifact id: '46361d7a82213586dfb0922bb8d626a5') in 0.0287009 seconds
Number of updated asset objects reloaded before import = 0Number of asset objects unloaded after import = 11

========================================================================
Received Import Request.
  Time since last request: 0.000022 seconds.
  path: Assets/_Unity Essentials/Tutorials/M_05_2D/5.2/Step_5.2.9.asset
  artifactKey: Guid(7ed92059b0e0240cebddbf9a01a1faa0) Importer(2089858483,3d70f49cd1c2eb9ae422958d1c652c6b)
Start importing Assets/_Unity Essentials/Tutorials/M_05_2D/5.2/Step_5.2.9.asset using Guid(7ed92059b0e0240cebddbf9a01a1faa0) Importer(2089858483,3d70f49cd1c2eb9ae422958d1c652c6b) (ScriptedImporter) -> (artifact id: 'fc7a1b1bf5319be625ee925148fc3c01') in 0.0218317 seconds
Number of updated asset objects reloaded before import = 0Number of asset objects unloaded after import = 0

========================================================================
Received Import Request.
  Time since last request: 0.000034 seconds.
  path: Assets/_Unity Essentials/Tutorials/M_06_Pub/6.1/Step_6.1.0.asset
  artifactKey: Guid(ed063bfb33c414335ae997fe7e0d8c22) Importer(2089858483,3d70f49cd1c2eb9ae422958d1c652c6b)
Start importing Assets/_Unity Essentials/Tutorials/M_06_Pub/6.1/Step_6.1.0.asset using Guid(ed063bfb33c414335ae997fe7e0d8c22) Importer(2089858483,3d70f49cd1c2eb9ae422958d1c652c6b) (ScriptedImporter) -> (artifact id: '42810d6c5c321178d32b6b6465f4a366') in 0.0202104 seconds
Number of updated asset objects reloaded before import = 0Number of asset objects unloaded after import = 0

========================================================================
Received Import Request.
  Time since last request: 0.000023 seconds.
  path: Assets/_Unity Essentials/Tutorials/M_05_2D/5.4/Step_5.4.3.asset
  artifactKey: Guid(1ace9728f8aa5534cb6864edd6033867) Importer(2089858483,3d70f49cd1c2eb9ae422958d1c652c6b)
Start importing Assets/_Unity Essentials/Tutorials/M_05_2D/5.4/Step_5.4.3.asset using Guid(1ace9728f8aa5534cb6864edd6033867) Importer(2089858483,3d70f49cd1c2eb9ae422958d1c652c6b) (ScriptedImporter) -> (artifact id: '1241e616205a68014962ddebd7c1ff35') in 0.0201988 seconds
Number of updated asset objects reloaded before import = 0Number of asset objects unloaded after import = 0

========================================================================
Received Import Request.
  Time since last request: 0.000036 seconds.
  path: Assets/_Unity Essentials/Tutorials/M_05_2D/5.2/Step_5.2.8.asset
  artifactKey: Guid(b032a949ae11e48e2993b5adf23e1ce6) Importer(2089858483,3d70f49cd1c2eb9ae422958d1c652c6b)
Start importing Assets/_Unity Essentials/Tutorials/M_05_2D/5.2/Step_5.2.8.asset using Guid(b032a949ae11e48e2993b5adf23e1ce6) Importer(2089858483,3d70f49cd1c2eb9ae422958d1c652c6b) (ScriptedImporter) -> (artifact id: '4cf1a5a647ef90e28a0b2f57301b85e1') in 0.0215374 seconds
Number of updated asset objects reloaded before import = 0Number of asset objects unloaded after import = 0

========================================================================
Received Import Request.
  Time since last request: 0.000043 seconds.
  path: Assets/_Unity Essentials/Tutorials/M_05_2D/5.2/Step_5.2.5.asset
  artifactKey: Guid(12bc19772796849b485661217760b15f) Importer(2089858483,3d70f49cd1c2eb9ae422958d1c652c6b)
Start importing Assets/_Unity Essentials/Tutorials/M_05_2D/5.2/Step_5.2.5.asset using Guid(12bc19772796849b485661217760b15f) Importer(2089858483,3d70f49cd1c2eb9ae422958d1c652c6b) (ScriptedImporter) -> (artifact id: 'ae4c7811d3798adb41dbd70a1dc78531') in 0.0194443 seconds
Number of updated asset objects reloaded before import = 0Number of asset objects unloaded after import = 0

========================================================================
Received Import Request.
  Time since last request: 0.000022 seconds.
  path: Assets/_Unity Essentials/Tutorials/M_05_2D/5.3/Step_5.3.2.asset
  artifactKey: Guid(367f12f52f7e947ce8c24a6033a44bec) Importer(2089858483,3d70f49cd1c2eb9ae422958d1c652c6b)
Start importing Assets/_Unity Essentials/Tutorials/M_05_2D/5.3/Step_5.3.2.asset using Guid(367f12f52f7e947ce8c24a6033a44bec) Importer(2089858483,3d70f49cd1c2eb9ae422958d1c652c6b) (ScriptedImporter) -> (artifact id: 'e9f2ec63c8c75edac8ca0ede44e559b1') in 0.0227092 seconds
Number of updated asset objects reloaded before import = 0Number of asset objects unloaded after import = 0

========================================================================
Received Import Request.
  Time since last request: 0.000021 seconds.
  path: Assets/_Unity Essentials/Tutorials/M_06_Pub/6.1/Step_6.1.4.asset
  artifactKey: Guid(0f9f2d4910db243fe841aabc9efaf7ed) Importer(2089858483,3d70f49cd1c2eb9ae422958d1c652c6b)
Start importing Assets/_Unity Essentials/Tutorials/M_06_Pub/6.1/Step_6.1.4.asset using Guid(0f9f2d4910db243fe841aabc9efaf7ed) Importer(2089858483,3d70f49cd1c2eb9ae422958d1c652c6b) (ScriptedImporter) -> (artifact id: '12d8055998ca6841244670af7beb4ab5') in 0.0225434 seconds
Number of updated asset objects reloaded before import = 0Number of asset objects unloaded after import = 0

========================================================================
Received Import Request.
  Time since last request: 0.000036 seconds.
  path: Assets/_Unity Essentials/Tutorials/M_06_Pub/6.3/6.3.4.asset
  artifactKey: Guid(2c808d082aeb0b540bc0ff8b44edeb12) Importer(2089858483,3d70f49cd1c2eb9ae422958d1c652c6b)
Start importing Assets/_Unity Essentials/Tutorials/M_06_Pub/6.3/6.3.4.asset using Guid(2c808d082aeb0b540bc0ff8b44edeb12) Importer(2089858483,3d70f49cd1c2eb9ae422958d1c652c6b) (ScriptedImporter) -> (artifact id: '00fb1bd1f0dc218db661cf605dc0bdf8') in 0.0220264 seconds
Number of updated asset objects reloaded before import = 0Number of asset objects unloaded after import = 0

========================================================================
Received Import Request.
  Time since last request: 0.000026 seconds.
  path: Assets/_Unity Essentials/Tutorials/M_06_Pub/6.3/6.3.1.asset
  artifactKey: Guid(8cb9668b7c60205419bd463577c2d015) Importer(2089858483,3d70f49cd1c2eb9ae422958d1c652c6b)
Start importing Assets/_Unity Essentials/Tutorials/M_06_Pub/6.3/6.3.1.asset using Guid(8cb9668b7c60205419bd463577c2d015) Importer(2089858483,3d70f49cd1c2eb9ae422958d1c652c6b) (ScriptedImporter) -> (artifact id: '3162d62bccfe8cb952b01bbb7325396b') in 0.019613 seconds
Number of updated asset objects reloaded before import = 0Number of asset objects unloaded after import = 0

========================================================================
Received Import Request.
  Time since last request: 0.000045 seconds.
  path: Assets/_Unity Essentials/Tutorials/M_06_Pub/6.4/Tut_6.4.asset
  artifactKey: Guid(fdc5a6abbd8be5b418e60e3b625abc8e) Importer(2089858483,3d70f49cd1c2eb9ae422958d1c652c6b)
Start importing Assets/_Unity Essentials/Tutorials/M_06_Pub/6.4/Tut_6.4.asset using Guid(fdc5a6abbd8be5b418e60e3b625abc8e) Importer(2089858483,3d70f49cd1c2eb9ae422958d1c652c6b) (ScriptedImporter) -> (artifact id: '40f95e4d1b5f0e598e3e821fbfef0a78') in 0.844644 seconds
Number of updated asset objects reloaded before import = 0Number of asset objects unloaded after import = 262

========================================================================
Received Import Request.
  Time since last request: 0.000028 seconds.
  path: Assets/_Unity Essentials/Prefabs/Bedroom/RugRectangleLarge_Green.prefab
  artifactKey: Guid(5cb5d240912184cc78a6f3538da6fc90) Importer(2089858483,3d70f49cd1c2eb9ae422958d1c652c6b)
Start importing Assets/_Unity Essentials/Prefabs/Bedroom/RugRectangleLarge_Green.prefab using Guid(5cb5d240912184cc78a6f3538da6fc90) Importer(2089858483,3d70f49cd1c2eb9ae422958d1c652c6b) (ScriptedImporter) -> (artifact id: '50632572f4af237042c2b51d5c5bac0c') in 0.0233783 seconds
Number of updated asset objects reloaded before import = 0Number of asset objects unloaded after import = 8

========================================================================
Received Import Request.
  Time since last request: 0.000039 seconds.
  path: Assets/_Unity Essentials/Prefabs/Characters/RobotVacuum_1.prefab
  artifactKey: Guid(bf3ac59fc056941e089b93eca14a1e50) Importer(2089858483,3d70f49cd1c2eb9ae422958d1c652c6b)
Start importing Assets/_Unity Essentials/Prefabs/Characters/RobotVacuum_1.prefab using Guid(bf3ac59fc056941e089b93eca14a1e50) Importer(2089858483,3d70f49cd1c2eb9ae422958d1c652c6b) (ScriptedImporter) -> (artifact id: 'a3f3d5c827c7ce951ddcc5b95d1b2d0f') in 0.0209773 seconds
Number of updated asset objects reloaded before import = 0Number of asset objects unloaded after import = 18

========================================================================
Received Import Request.
  Time since last request: 0.000019 seconds.
  path: Assets/_Unity Essentials/Prefabs/Kitchen/Barstool_29in_KN001.prefab
  artifactKey: Guid(cdfea4b70105c204fbad9d84e8dfdca1) Importer(2089858483,3d70f49cd1c2eb9ae422958d1c652c6b)
Start importing Assets/_Unity Essentials/Prefabs/Kitchen/Barstool_29in_KN001.prefab using Guid(cdfea4b70105c204fbad9d84e8dfdca1) Importer(2089858483,3d70f49cd1c2eb9ae422958d1c652c6b) (ScriptedImporter) -> (artifact id: 'bf27d8701b350e1f6682f68b83b2ad82') in 0.0289791 seconds
Number of updated asset objects reloaded before import = 0Number of asset objects unloaded after import = 15

========================================================================
Received Import Request.
  Time since last request: 0.000017 seconds.
  path: Assets/Settings/Performant_PipelineAsset_ForwardRenderer.asset
  artifactKey: Guid(d9bce7b887bfea944acab1c1c29921ac) Importer(2089858483,3d70f49cd1c2eb9ae422958d1c652c6b)
Start importing Assets/Settings/Performant_PipelineAsset_ForwardRenderer.asset using Guid(d9bce7b887bfea944acab1c1c29921ac) Importer(2089858483,3d70f49cd1c2eb9ae422958d1c652c6b) (ScriptedImporter) -> (artifact id: '8a88eea57d214476256295331510ab60') in 0.0206072 seconds
Number of updated asset objects reloaded before import = 0Number of asset objects unloaded after import = 0

========================================================================
Received Import Request.
  Time since last request: 0.000026 seconds.
  path: Assets/_Unity Essentials/Materials/My Materials/Art_Mat.mat
  artifactKey: Guid(ade0ed31a09da3b43b4926ca69c5b7f5) Importer(2089858483,192608db42251d675da83286b1cce702)
Start importing Assets/_Unity Essentials/Materials/My Materials/Art_Mat.mat using Guid(ade0ed31a09da3b43b4926ca69c5b7f5) Importer(2089858483,192608db42251d675da83286b1cce702) (ScriptedImporter) -> (artifact id: 'b5625b82f589924b101c060f636c12c1') in 0.0216486 seconds
Number of updated asset objects reloaded before import = 0Number of asset objects unloaded after import = 2

========================================================================
Received Import Request.
  Time since last request: 0.000032 seconds.
  path: Assets/_Unity Essentials/Prefabs/Bedroom/Bed_Twin_BR001.prefab
  artifactKey: Guid(e09fd6641968dd24f872095faa9cd315) Importer(2089858483,3d70f49cd1c2eb9ae422958d1c652c6b)
Start importing Assets/_Unity Essentials/Prefabs/Bedroom/Bed_Twin_BR001.prefab using Guid(e09fd6641968dd24f872095faa9cd315) Importer(2089858483,3d70f49cd1c2eb9ae422958d1c652c6b) (ScriptedImporter) -> (artifact id: '2873ae2d80a57e5521d1d85f82441a7a') in 0.0270565 seconds
Number of updated asset objects reloaded before import = 0Number of asset objects unloaded after import = 26

========================================================================
Received Import Request.
  Time since last request: 0.000021 seconds.
  path: Assets/_Unity Essentials/Source Files/Lighting/-1_Starter_Scene/LightingData.asset
  artifactKey: Guid(96642feffee2f4d08a27e5f172aaa5e6) Importer(2089858483,3d70f49cd1c2eb9ae422958d1c652c6b)
Start importing Assets/_Unity Essentials/Source Files/Lighting/-1_Starter_Scene/LightingData.asset using Guid(96642feffee2f4d08a27e5f172aaa5e6) Importer(2089858483,3d70f49cd1c2eb9ae422958d1c652c6b) (ScriptedImporter) -> (artifact id: 'ea95bda9637b87caa711c368dd2e405e') in 0.0178968 seconds
Number of updated asset objects reloaded before import = 0Number of asset objects unloaded after import = 1

========================================================================
Received Import Request.
  Time since last request: 17.321054 seconds.
  path: Assets/KajamansRoads/Materials/GrassMat.mat
  artifactKey: Guid(2e831c083c6337f41b2339e23fbaed5e) Importer(2089858483,192608db42251d675da83286b1cce702)
Start importing Assets/KajamansRoads/Materials/GrassMat.mat using Guid(2e831c083c6337f41b2339e23fbaed5e) Importer(2089858483,192608db42251d675da83286b1cce702) (ScriptedImporter) -> (artifact id: '593b3c33e4471b9486b7a257e7b6c8cf') in 0.0181277 seconds
Number of updated asset objects reloaded before import = 0Number of asset objects unloaded after import = 2

========================================================================
Received Import Request.
  Time since last request: 0.000015 seconds.
  path: Assets/KajamansRoads/Materials/1RoadMob.mat
  artifactKey: Guid(d13de2fe17705894b8d1881d44165e8b) Importer(2089858483,192608db42251d675da83286b1cce702)
Start importing Assets/KajamansRoads/Materials/1RoadMob.mat using Guid(d13de2fe17705894b8d1881d44165e8b) Importer(2089858483,192608db42251d675da83286b1cce702) (ScriptedImporter) -> (artifact id: '73c2b645d3debff18272ff3465317a44') in 0.0147734 seconds
Number of updated asset objects reloaded before import = 0Number of asset objects unloaded after import = 3

========================================================================
Received Import Request.
  Time since last request: 0.000018 seconds.
  path: Assets/_Unity Essentials/Scenes/5_TopDown_2D_Scene.unity
  artifactKey: Guid(8c9cfa26abfee488c85f1582747f6a02) Importer(2089858483,192608db42251d675da83286b1cce702)
Start importing Assets/_Unity Essentials/Scenes/5_TopDown_2D_Scene.unity using Guid(8c9cfa26abfee488c85f1582747f6a02) Importer(2089858483,192608db42251d675da83286b1cce702) (ScriptedImporter) -> (artifact id: '2e4f5a61db5c3b2669e57bc0c9c3ef91') in 0.0163425 seconds
Number of updated asset objects reloaded before import = 0Number of asset objects unloaded after import = 1

========================================================================
Received Import Request.
  Time since last request: 0.000018 seconds.
  path: Assets/_Unity Essentials/Sprites/Collectibles/Star_2D.prefab
  artifactKey: Guid(7ab3a4f3d38ad4e2e84cabbb4aec3530) Importer(2089858483,192608db42251d675da83286b1cce702)
Start importing Assets/_Unity Essentials/Sprites/Collectibles/Star_2D.prefab using Guid(7ab3a4f3d38ad4e2e84cabbb4aec3530) Importer(2089858483,192608db42251d675da83286b1cce702) (ScriptedImporter) -> (artifact id: '604fc7757c57e0d2f1670c1bd2288c7e') in 0.0280139 seconds
Number of updated asset objects reloaded before import = 0Number of asset objects unloaded after import = 14

========================================================================
Received Import Request.
  Time since last request: 0.000030 seconds.
  path: Assets/KajamansRoads/Materials/DirtRoadMob.mat
  artifactKey: Guid(bb1c5d5e8f23ff14c9a32795bfea3a76) Importer(2089858483,192608db42251d675da83286b1cce702)
Start importing Assets/KajamansRoads/Materials/DirtRoadMob.mat using Guid(bb1c5d5e8f23ff14c9a32795bfea3a76) Importer(2089858483,192608db42251d675da83286b1cce702) (ScriptedImporter) -> (artifact id: '0e5347b27add4fbfbf096e2c8fc4b2a8') in 0.0203144 seconds
Number of updated asset objects reloaded before import = 0Number of asset objects unloaded after import = 4

========================================================================
Received Import Request.
  Time since last request: 0.000020 seconds.
  path: Assets/_Unity Essentials/Source Files/VFX/ConfettiCelebration.prefab
  artifactKey: Guid(2f5d313409ec64adc9647e645f3fd9f2) Importer(2089858483,192608db42251d675da83286b1cce702)
Start importing Assets/_Unity Essentials/Source Files/VFX/ConfettiCelebration.prefab using Guid(2f5d313409ec64adc9647e645f3fd9f2) Importer(2089858483,192608db42251d675da83286b1cce702) (ScriptedImporter) -> (artifact id: '8a92a40c60458926d7b7db94ad1a97fe') in 0.074778 seconds
Number of updated asset objects reloaded before import = 0Number of asset objects unloaded after import = 10

========================================================================
Received Import Request.
  Time since last request: 0.000016 seconds.
  path: Assets/KajamansRoads/Materials/2RoadMob.mat
  artifactKey: Guid(ddf1b20df9693fa4bbdc3319e0fc8b65) Importer(2089858483,192608db42251d675da83286b1cce702)
Start importing Assets/KajamansRoads/Materials/2RoadMob.mat using Guid(ddf1b20df9693fa4bbdc3319e0fc8b65) Importer(2089858483,192608db42251d675da83286b1cce702) (ScriptedImporter) -> (artifact id: '7db432cd9cc07f5e24cb7cfe434cbae2') in 0.0169262 seconds
Number of updated asset objects reloaded before import = 0Number of asset objects unloaded after import = 4

========================================================================
Received Import Request.
  Time since last request: 0.000023 seconds.
  path: Assets/KajamansRoads/Free/Obj/Materials/group1Mat.mat
  artifactKey: Guid(645801b1dac385e489e45f1d32bacc16) Importer(2089858483,192608db42251d675da83286b1cce702)
Start importing Assets/KajamansRoads/Free/Obj/Materials/group1Mat.mat using Guid(645801b1dac385e489e45f1d32bacc16) Importer(2089858483,192608db42251d675da83286b1cce702) (ScriptedImporter) -> (artifact id: '3f559e2d31689caceeb64913284f06db') in 0.0158216 seconds
Number of updated asset objects reloaded before import = 0Number of asset objects unloaded after import = 1

========================================================================
Received Import Request.
  Time since last request: 0.000028 seconds.
  path: Assets/KajamansRoads/Materials/6RoadMob.mat
  artifactKey: Guid(0c77a9b0ac420b847a6657c467b36680) Importer(2089858483,192608db42251d675da83286b1cce702)
Start importing Assets/KajamansRoads/Materials/6RoadMob.mat using Guid(0c77a9b0ac420b847a6657c467b36680) Importer(2089858483,192608db42251d675da83286b1cce702) (ScriptedImporter) -> (artifact id: 'b2b5ca0d6e3677d1bc4fde62ac99be8c') in 0.0149515 seconds
Number of updated asset objects reloaded before import = 0Number of asset objects unloaded after import = 4

========================================================================
Received Import Request.
  Time since last request: 0.000016 seconds.
  path: Assets/KajamansRoads/Materials/GuardRailMat.mat
  artifactKey: Guid(fd7c9158d78c14b43ba4dfda8af7afa8) Importer(2089858483,192608db42251d675da83286b1cce702)
Start importing Assets/KajamansRoads/Materials/GuardRailMat.mat using Guid(fd7c9158d78c14b43ba4dfda8af7afa8) Importer(2089858483,192608db42251d675da83286b1cce702) (ScriptedImporter) -> (artifact id: 'f29c8f2da56bfbaba32a4e93dfa73c0d') in 0.0149356 seconds
Number of updated asset objects reloaded before import = 0Number of asset objects unloaded after import = 3

========================================================================
Received Import Request.
  Time since last request: 34.966804 seconds.
  path: Assets/KajamansRoads/Free/Prefabs/l10km_cc4_sl20_t(12123025)_rw10_wh3_n3_RsBTW_MeshV00.prefab
  artifactKey: Guid(b0f31f923c387984fbd37ef155b98609) Importer(815301076,1909f56bfc062723c751e8b465ee728b)
Start importing Assets/KajamansRoads/Free/Prefabs/l10km_cc4_sl20_t(12123025)_rw10_wh3_n3_RsBTW_MeshV00.prefab using Guid(b0f31f923c387984fbd37ef155b98609) Importer(815301076,1909f56bfc062723c751e8b465ee728b) (PreviewImporter) -> (artifact id: '58b993e0983f8960dff0ab664a74031d') in 1.0465751 seconds
Number of updated asset objects reloaded before import = 0Number of asset objects unloaded after import = 16

========================================================================
Received Import Request.
  Time since last request: 0.000028 seconds.
  path: Assets/KajamansRoads/Free/Prefabs/l20km_cc2_sl30_t(401509)_rw28_wh15_n1_RsBTW_MeshV00_m.prefab
  artifactKey: Guid(26419c6407d63bc4abd79bf3d120f522) Importer(815301076,1909f56bfc062723c751e8b465ee728b)
Start importing Assets/KajamansRoads/Free/Prefabs/l20km_cc2_sl30_t(401509)_rw28_wh15_n1_RsBTW_MeshV00_m.prefab using Guid(26419c6407d63bc4abd79bf3d120f522) Importer(815301076,1909f56bfc062723c751e8b465ee728b) (PreviewImporter) -> (artifact id: 'e72b3765b0030312573556a6f8f4ac5f') in 1.1237319 seconds
Number of updated asset objects reloaded before import = 0Number of asset objects unloaded after import = 20

========================================================================
Received Import Request.
  Time since last request: 49.003718 seconds.
  path: Assets/_Unity Essentials/Models/Numbers/0.fbx
  artifactKey: Guid(82c73e06590ea42938be301610c9e80a) Importer(815301076,1909f56bfc062723c751e8b465ee728b)
Start importing Assets/_Unity Essentials/Models/Numbers/0.fbx using Guid(82c73e06590ea42938be301610c9e80a) Importer(815301076,1909f56bfc062723c751e8b465ee728b) (PreviewImporter) -> (artifact id: 'e0906711d81512899ae408756bb81e2a') in 0.063895 seconds
Number of updated asset objects reloaded before import = 0Number of asset objects unloaded after import = 7

========================================================================
Received Import Request.
  Time since last request: 0.000028 seconds.
  path: Assets/_Unity Essentials/Models/Numbers/8.fbx
  artifactKey: Guid(9e2333cf14c024ea2a6a0de2c38e78c6) Importer(815301076,1909f56bfc062723c751e8b465ee728b)
Start importing Assets/_Unity Essentials/Models/Numbers/8.fbx using Guid(9e2333cf14c024ea2a6a0de2c38e78c6) Importer(815301076,1909f56bfc062723c751e8b465ee728b) (PreviewImporter) -> (artifact id: 'e1a7d04aaa0f3ed68dc70a69f6b2b8a4') in 0.0227279 seconds
Number of updated asset objects reloaded before import = 0Number of asset objects unloaded after import = 7

========================================================================
Received Import Request.
  Time since last request: 0.000021 seconds.
  path: Assets/_Unity Essentials/Models/Furniture/BasketBallNet.FBX
  artifactKey: Guid(33b09308a98f4460b9ce4ac64855954a) Importer(815301076,1909f56bfc062723c751e8b465ee728b)
Start importing Assets/_Unity Essentials/Models/Furniture/BasketBallNet.FBX using Guid(33b09308a98f4460b9ce4ac64855954a) Importer(815301076,1909f56bfc062723c751e8b465ee728b) (PreviewImporter) -> (artifact id: '7bde3df155ea7ae4c92cb5f108d186a8') in 0.0399485 seconds
Number of updated asset objects reloaded before import = 0Number of asset objects unloaded after import = 14

========================================================================
Received Import Request.
  Time since last request: 0.000031 seconds.
  path: Assets/_Unity Essentials/Models/Objects/Books.FBX
  artifactKey: Guid(f070b181d7aa14a48ba6da721ed534bf) Importer(815301076,1909f56bfc062723c751e8b465ee728b)
Start importing Assets/_Unity Essentials/Models/Objects/Books.FBX using Guid(f070b181d7aa14a48ba6da721ed534bf) Importer(815301076,1909f56bfc062723c751e8b465ee728b) (PreviewImporter) -> (artifact id: 'b362ff565edab83033eee2a303f28006') in 0.0737428 seconds
Number of updated asset objects reloaded before import = 0Number of asset objects unloaded after import = 25

========================================================================
Received Import Request.
  Time since last request: 0.000044 seconds.
  path: Assets/_Unity Essentials/Models/Furniture/Bed_Full_BR003.fbx
  artifactKey: Guid(3a654152bc1dec746a442dbb77b11571) Importer(815301076,1909f56bfc062723c751e8b465ee728b)
Start importing Assets/_Unity Essentials/Models/Furniture/Bed_Full_BR003.fbx using Guid(3a654152bc1dec746a442dbb77b11571) Importer(815301076,1909f56bfc062723c751e8b465ee728b) (PreviewImporter) -> (artifact id: '7636c13b1005d6588f786b38d90fe273') in 0.6264721 seconds
Number of updated asset objects reloaded before import = 0Number of asset objects unloaded after import = 20

========================================================================
Received Import Request.
  Time since last request: 0.000025 seconds.
  path: Assets/_Unity Essentials/Models/Shapes/Cone.obj
  artifactKey: Guid(e33616ff815f84c9dabd09123a9f8d13) Importer(815301076,1909f56bfc062723c751e8b465ee728b)
Start importing Assets/_Unity Essentials/Models/Shapes/Cone.obj using Guid(e33616ff815f84c9dabd09123a9f8d13) Importer(815301076,1909f56bfc062723c751e8b465ee728b) (PreviewImporter) -> (artifact id: 'd1f68b3bd7695da1a5516c5f88ba8d9c') in 0.0287227 seconds
Number of updated asset objects reloaded before import = 0Number of asset objects unloaded after import = 10

========================================================================
Received Import Request.
  Time since last request: 0.000045 seconds.
  path: Assets/_Unity Essentials/Models/Kitchen/Cooktop_30in_Gas_KN001.fbx
  artifactKey: Guid(2f5a69a445afdda449b9a0bddbbf3946) Importer(815301076,1909f56bfc062723c751e8b465ee728b)
Start importing Assets/_Unity Essentials/Models/Kitchen/Cooktop_30in_Gas_KN001.fbx using Guid(2f5a69a445afdda449b9a0bddbbf3946) Importer(815301076,1909f56bfc062723c751e8b465ee728b) (PreviewImporter) -> (artifact id: '1eecc4d4272b2f427bd715dc0c55a604') in 0.03502 seconds
Number of updated asset objects reloaded before import = 0Number of asset objects unloaded after import = 20

========================================================================
Received Import Request.
  Time since last request: 0.000025 seconds.
  path: Assets/_Unity Essentials/Materials/My Materials/Block Material.mat
  artifactKey: Guid(6a594ee196fce8741b7a762e933b7b84) Importer(815301076,1909f56bfc062723c751e8b465ee728b)
Start importing Assets/_Unity Essentials/Materials/My Materials/Block Material.mat using Guid(6a594ee196fce8741b7a762e933b7b84) Importer(815301076,1909f56bfc062723c751e8b465ee728b) (PreviewImporter) -> (artifact id: 'bae98e1fca9fb4c63f62bb8b6443797d') in 0.016299 seconds
Number of updated asset objects reloaded before import = 0Number of asset objects unloaded after import = 1

========================================================================
Received Import Request.
  Time since last request: 0.000026 seconds.
  path: Assets/_Unity Essentials/Models/Outdoor/Box_350x250x300_Mesh.fbx
  artifactKey: Guid(d2f0da3998423f44594868ffed55c3e6) Importer(815301076,1909f56bfc062723c751e8b465ee728b)
Start importing Assets/_Unity Essentials/Models/Outdoor/Box_350x250x300_Mesh.fbx using Guid(d2f0da3998423f44594868ffed55c3e6) Importer(815301076,1909f56bfc062723c751e8b465ee728b) (PreviewImporter) -> (artifact id: 'a86da74680cbfb6e2bb192d723e3f6ec') in 0.0228794 seconds
Number of updated asset objects reloaded before import = 0Number of asset objects unloaded after import = 8

========================================================================
Received Import Request.
  Time since last request: 0.000023 seconds.
  path: Assets/_Unity Essentials/Models/Kitchen/CabinetLower_Backsplash_15Wx24Dx36H_KN001a.fbx
  artifactKey: Guid(17375844b831e7d40b837f42d6911973) Importer(815301076,1909f56bfc062723c751e8b465ee728b)
Start importing Assets/_Unity Essentials/Models/Kitchen/CabinetLower_Backsplash_15Wx24Dx36H_KN001a.fbx using Guid(17375844b831e7d40b837f42d6911973) Importer(815301076,1909f56bfc062723c751e8b465ee728b) (PreviewImporter) -> (artifact id: '1d62c823a90d0d3adbe2efbc8cd0cc5e') in 0.0399915 seconds
Number of updated asset objects reloaded before import = 0Number of asset objects unloaded after import = 34

========================================================================
Received Import Request.
  Time since last request: 0.000027 seconds.
  path: Assets/_Unity Essentials/Models/Furniture/Barstool_29in_KN001.fbx
  artifactKey: Guid(bbc9c39f7f90fac4489992307a423853) Importer(815301076,1909f56bfc062723c751e8b465ee728b)
Start importing Assets/_Unity Essentials/Models/Furniture/Barstool_29in_KN001.fbx using Guid(bbc9c39f7f90fac4489992307a423853) Importer(815301076,1909f56bfc062723c751e8b465ee728b) (PreviewImporter) -> (artifact id: 'd905ef420c94664fa9d43e147835f175') in 0.0197671 seconds
Number of updated asset objects reloaded before import = 0Number of asset objects unloaded after import = 10

========================================================================
Received Import Request.
  Time since last request: 0.000033 seconds.
  path: Assets/_Unity Essentials/Models/Numbers/3.fbx
  artifactKey: Guid(4b71f3f3b82294b94982ec69e0febf46) Importer(815301076,1909f56bfc062723c751e8b465ee728b)
Start importing Assets/_Unity Essentials/Models/Numbers/3.fbx using Guid(4b71f3f3b82294b94982ec69e0febf46) Importer(815301076,1909f56bfc062723c751e8b465ee728b) (PreviewImporter) -> (artifact id: '771aaa38718aef7e4b7c38babb04ba40') in 0.0182584 seconds
Number of updated asset objects reloaded before import = 0Number of asset objects unloaded after import = 7

========================================================================
Received Import Request.
  Time since last request: 0.000019 seconds.
  path: Assets/_Unity Essentials/Models/Colllectibles/Coin.FBX
  artifactKey: Guid(db924e5f6e1c9834da4d8e265fe3e6fd) Importer(815301076,1909f56bfc062723c751e8b465ee728b)
Start importing Assets/_Unity Essentials/Models/Colllectibles/Coin.FBX using Guid(db924e5f6e1c9834da4d8e265fe3e6fd) Importer(815301076,1909f56bfc062723c751e8b465ee728b) (PreviewImporter) -> (artifact id: 'a35d5f9da1340540f23c1bfb76eec816') in 0.0204294 seconds
Number of updated asset objects reloaded before import = 0Number of asset objects unloaded after import = 7

========================================================================
Received Import Request.
  Time since last request: 0.000024 seconds.
  path: Assets/_Unity Essentials/Models/Kitchen/Cabinet_60in_DR001.fbx
  artifactKey: Guid(1e245a152ac7400418729100a87a68f4) Importer(815301076,1909f56bfc062723c751e8b465ee728b)
Start importing Assets/_Unity Essentials/Models/Kitchen/Cabinet_60in_DR001.fbx using Guid(1e245a152ac7400418729100a87a68f4) Importer(815301076,1909f56bfc062723c751e8b465ee728b) (PreviewImporter) -> (artifact id: '7ea2c7d4ffc2486cdb7a5488f7cc8784') in 0.019345 seconds
Number of updated asset objects reloaded before import = 0Number of asset objects unloaded after import = 8

========================================================================
Received Import Request.
  Time since last request: 0.000022 seconds.
  path: Assets/_Unity Essentials/Models/Furniture/Chest_42in_BR001.fbx
  artifactKey: Guid(0217f4f1af1f1dc4bbaecdc92d563215) Importer(815301076,1909f56bfc062723c751e8b465ee728b)
Start importing Assets/_Unity Essentials/Models/Furniture/Chest_42in_BR001.fbx using Guid(0217f4f1af1f1dc4bbaecdc92d563215) Importer(815301076,1909f56bfc062723c751e8b465ee728b) (PreviewImporter) -> (artifact id: 'c7cfec0f073be5e547aa0b27d5b0f268') in 0.0218884 seconds
Number of updated asset objects reloaded before import = 0Number of asset objects unloaded after import = 10

========================================================================
Received Import Request.
  Time since last request: 0.000025 seconds.
  path: Assets/_Unity Essentials/Models/Furniture/Bed_Twin_BR004.fbx
  artifactKey: Guid(28b74afe0bc0b49409e263a2f06539de) Importer(815301076,1909f56bfc062723c751e8b465ee728b)
Start importing Assets/_Unity Essentials/Models/Furniture/Bed_Twin_BR004.fbx using Guid(28b74afe0bc0b49409e263a2f06539de) Importer(815301076,1909f56bfc062723c751e8b465ee728b) (PreviewImporter) -> (artifact id: '30f5feb1a07d7437fe96dc228ca82b81') in 0.030723 seconds
Number of updated asset objects reloaded before import = 0Number of asset objects unloaded after import = 15

========================================================================
Received Import Request.
  Time since last request: 0.000033 seconds.
  path: Assets/_Unity Essentials/Models/Furniture/Bed_Full_BR004.fbx
  artifactKey: Guid(3bfe6d77896bc7d4699db53f75aaed07) Importer(815301076,1909f56bfc062723c751e8b465ee728b)
Start importing Assets/_Unity Essentials/Models/Furniture/Bed_Full_BR004.fbx using Guid(3bfe6d77896bc7d4699db53f75aaed07) Importer(815301076,1909f56bfc062723c751e8b465ee728b) (PreviewImporter) -> (artifact id: 'e56f9472768531bb03d0e2fed3d2aafe') in 0.0371848 seconds
Number of updated asset objects reloaded before import = 0Number of asset objects unloaded after import = 20

========================================================================
Received Import Request.
  Time since last request: 0.000030 seconds.
  path: Assets/_Unity Essentials/Models/Numbers/5.fbx
  artifactKey: Guid(c9dd7da1a507e4c07be822290a390e3e) Importer(815301076,1909f56bfc062723c751e8b465ee728b)
Start importing Assets/_Unity Essentials/Models/Numbers/5.fbx using Guid(c9dd7da1a507e4c07be822290a390e3e) Importer(815301076,1909f56bfc062723c751e8b465ee728b) (PreviewImporter) -> (artifact id: '3bf4e02d051e1683690dc85d2f86fedb') in 0.0185726 seconds
Number of updated asset objects reloaded before import = 0Number of asset objects unloaded after import = 7

========================================================================
Received Import Request.
  Time since last request: 11.621471 seconds.
  path: Assets/BrokenVector/LowPolyRoadPack/Demo
  artifactKey: Guid(2469141f37ffafb4784fc96766e97a58) Importer(815301076,1909f56bfc062723c751e8b465ee728b)
Start importing Assets/BrokenVector/LowPolyRoadPack/Demo using Guid(2469141f37ffafb4784fc96766e97a58) Importer(815301076,1909f56bfc062723c751e8b465ee728b) (PreviewImporter) -> (artifact id: '567607484fbde9f00f0707a1097deb42') in 0.0007346 seconds
Number of updated asset objects reloaded before import = 0Number of asset objects unloaded after import = 0

========================================================================
Received Import Request.
  Time since last request: 1.497196 seconds.
  path: Assets/BrokenVector/LowPolyRoadPack/Demo/Landscape
  artifactKey: Guid(60c4ffeb0e9aa324d9000a9f8249864f) Importer(815301076,1909f56bfc062723c751e8b465ee728b)
Start importing Assets/BrokenVector/LowPolyRoadPack/Demo/Landscape using Guid(60c4ffeb0e9aa324d9000a9f8249864f) Importer(815301076,1909f56bfc062723c751e8b465ee728b) (PreviewImporter) -> (artifact id: 'fdb4ad664f3c0aeb1aba306ce34bd4f6') in 0.0005054 seconds
Number of updated asset objects reloaded before import = 0Number of asset objects unloaded after import = 0

========================================================================
Received Import Request.
  Time since last request: 0.090625 seconds.
  path: Assets/BrokenVector/LowPolyRoadPack/Demo/Landscape/Houses.001.dae
  artifactKey: Guid(5040aa18d61033e489ea9265c4f2cca4) Importer(815301076,1909f56bfc062723c751e8b465ee728b)
Start importing Assets/BrokenVector/LowPolyRoadPack/Demo/Landscape/Houses.001.dae using Guid(5040aa18d61033e489ea9265c4f2cca4) Importer(815301076,1909f56bfc062723c751e8b465ee728b) (PreviewImporter) -> (artifact id: '7e5e3a06b6667ebc89e863b6e62b4d3a') in 0.0841915 seconds
Number of updated asset objects reloaded before import = 0Number of asset objects unloaded after import = 10

========================================================================
Received Import Request.
  Time since last request: 0.000024 seconds.
  path: Assets/BrokenVector/LowPolyRoadPack/Demo/Landscape/Houses.010.dae
  artifactKey: Guid(960597deba6aae644952d370b3c462a6) Importer(815301076,1909f56bfc062723c751e8b465ee728b)
Start importing Assets/BrokenVector/LowPolyRoadPack/Demo/Landscape/Houses.010.dae using Guid(960597deba6aae644952d370b3c462a6) Importer(815301076,1909f56bfc062723c751e8b465ee728b) (PreviewImporter) -> (artifact id: '1d7737537ef7552dcc5854e01e00e6d5') in 0.1503019 seconds
Number of updated asset objects reloaded before import = 0Number of asset objects unloaded after import = 10

========================================================================
Received Import Request.
  Time since last request: 0.000029 seconds.
  path: Assets/BrokenVector/LowPolyRoadPack/Demo/Landscape/Houses.011.dae
  artifactKey: Guid(f24e9cf354f004442b97cffbb3bbd911) Importer(815301076,1909f56bfc062723c751e8b465ee728b)
Start importing Assets/BrokenVector/LowPolyRoadPack/Demo/Landscape/Houses.011.dae using Guid(f24e9cf354f004442b97cffbb3bbd911) Importer(815301076,1909f56bfc062723c751e8b465ee728b) (PreviewImporter) -> (artifact id: '756aa52c9b301bce103bb50330915d30') in 0.0486356 seconds
Number of updated asset objects reloaded before import = 0Number of asset objects unloaded after import = 10

========================================================================
Received Import Request.
  Time since last request: 0.000042 seconds.
  path: Assets/BrokenVector/LowPolyRoadPack/Demo/Landscape/Houses.007.dae
  artifactKey: Guid(3e00f6b092fa0844290d6e031b6aa3db) Importer(815301076,1909f56bfc062723c751e8b465ee728b)
Start importing Assets/BrokenVector/LowPolyRoadPack/Demo/Landscape/Houses.007.dae using Guid(3e00f6b092fa0844290d6e031b6aa3db) Importer(815301076,1909f56bfc062723c751e8b465ee728b) (PreviewImporter) -> (artifact id: 'fc409bba9e2c7dfa3fc9b6cfed5733ba') in 0.020564 seconds
Number of updated asset objects reloaded before import = 0Number of asset objects unloaded after import = 10

========================================================================
Received Import Request.
  Time since last request: 3.168838 seconds.
  path: Assets/_Unity Essentials/Prefabs/My Prefabs/Another Tower.prefab
  artifactKey: Guid(4a48390d65bbf704caf331686f9b32a1) Importer(815301076,1909f56bfc062723c751e8b465ee728b)
Start importing Assets/_Unity Essentials/Prefabs/My Prefabs/Another Tower.prefab using Guid(4a48390d65bbf704caf331686f9b32a1) Importer(815301076,1909f56bfc062723c751e8b465ee728b) (PreviewImporter) -> (artifact id: 'e2543002c0f454805f095c727c5e7c29') in 0.5572245 seconds
Number of updated asset objects reloaded before import = 0Number of asset objects unloaded after import = 34

========================================================================
Received Import Request.
  Time since last request: 7.492782 seconds.
  path: Assets/BrokenVector/LowPolyRoadPack/Demo/Materials
  artifactKey: Guid(a701ec118f22d304eb990887be6b1a7e) Importer(815301076,1909f56bfc062723c751e8b465ee728b)
Start importing Assets/BrokenVector/LowPolyRoadPack/Demo/Materials using Guid(a701ec118f22d304eb990887be6b1a7e) Importer(815301076,1909f56bfc062723c751e8b465ee728b) (PreviewImporter) -> (artifact id: 'a5cc617ded314a34cabaaf1f3cbd03ba') in 0.0007462 seconds
Number of updated asset objects reloaded before import = 0Number of asset objects unloaded after import = 0

========================================================================
Received Import Request.
  Time since last request: 0.059564 seconds.
  path: Assets/BrokenVector/LowPolyRoadPack/Demo/Materials/Grass.mat
  artifactKey: Guid(d069dd4398675764291f9c82e7286e14) Importer(815301076,1909f56bfc062723c751e8b465ee728b)
Start importing Assets/BrokenVector/LowPolyRoadPack/Demo/Materials/Grass.mat using Guid(d069dd4398675764291f9c82e7286e14) Importer(815301076,1909f56bfc062723c751e8b465ee728b) (PreviewImporter) -> (artifact id: '23cc03925303915e06618126a8278fa1') in 0.0172698 seconds
Number of updated asset objects reloaded before import = 0Number of asset objects unloaded after import = 1

========================================================================
Received Import Request.
  Time since last request: 8.350955 seconds.
  path: Assets/BrokenVector/LowPolyRoadPack/Prefabs/Freeway Curve 1.prefab
  artifactKey: Guid(6373f7d3f749b254081c2c8c9372face) Importer(815301076,1909f56bfc062723c751e8b465ee728b)
Start importing Assets/BrokenVector/LowPolyRoadPack/Prefabs/Freeway Curve 1.prefab using Guid(6373f7d3f749b254081c2c8c9372face) Importer(815301076,1909f56bfc062723c751e8b465ee728b) (PreviewImporter) -> (artifact id: '6e42fdd373f3bc032fbbd7b12f4cd42c') in 0.0218535 seconds
Number of updated asset objects reloaded before import = 0Number of asset objects unloaded after import = 11

========================================================================
Received Import Request.
  Time since last request: 0.000022 seconds.
  path: Assets/BrokenVector/LowPolyRoadPack/Prefabs/Highway Join Highway 1.prefab
  artifactKey: Guid(61bdc52826fce8f4d82932062de95073) Importer(815301076,1909f56bfc062723c751e8b465ee728b)
Start importing Assets/BrokenVector/LowPolyRoadPack/Prefabs/Highway Join Highway 1.prefab using Guid(61bdc52826fce8f4d82932062de95073) Importer(815301076,1909f56bfc062723c751e8b465ee728b) (PreviewImporter) -> (artifact id: '25ff566666e3f2f7281a5259e536a209') in 0.0468308 seconds
Number of updated asset objects reloaded before import = 0Number of asset objects unloaded after import = 11

========================================================================
Received Import Request.
  Time since last request: 0.000020 seconds.
  path: Assets/BrokenVector/LowPolyRoadPack/Prefabs/Highway Curve 2.prefab
  artifactKey: Guid(e22ea203430a7754fa2d9f5192effac9) Importer(815301076,1909f56bfc062723c751e8b465ee728b)
Start importing Assets/BrokenVector/LowPolyRoadPack/Prefabs/Highway Curve 2.prefab using Guid(e22ea203430a7754fa2d9f5192effac9) Importer(815301076,1909f56bfc062723c751e8b465ee728b) (PreviewImporter) -> (artifact id: 'a157939d5f2f623e667a91750a831f47') in 0.0251455 seconds
Number of updated asset objects reloaded before import = 0Number of asset objects unloaded after import = 11

========================================================================
Received Import Request.
  Time since last request: 0.000023 seconds.
  path: Assets/BrokenVector/LowPolyRoadPack/Prefabs/Highway Bridge 1.prefab
  artifactKey: Guid(8d7240f2f0843e442b11595c5465dbf7) Importer(815301076,1909f56bfc062723c751e8b465ee728b)
Start importing Assets/BrokenVector/LowPolyRoadPack/Prefabs/Highway Bridge 1.prefab using Guid(8d7240f2f0843e442b11595c5465dbf7) Importer(815301076,1909f56bfc062723c751e8b465ee728b) (PreviewImporter) -> (artifact id: '8d5ad46e03338cc00390ad7094eb29fa') in 0.037588 seconds
Number of updated asset objects reloaded before import = 0Number of asset objects unloaded after import = 11

========================================================================
Received Import Request.
  Time since last request: 0.000032 seconds.
  path: Assets/BrokenVector/LowPolyRoadPack/Prefabs/Highway Straight 4.prefab
  artifactKey: Guid(3981927452c32484d9640b2bf295fc6c) Importer(815301076,1909f56bfc062723c751e8b465ee728b)
Start importing Assets/BrokenVector/LowPolyRoadPack/Prefabs/Highway Straight 4.prefab using Guid(3981927452c32484d9640b2bf295fc6c) Importer(815301076,1909f56bfc062723c751e8b465ee728b) (PreviewImporter) -> (artifact id: '6ff0393c5e75c46e8994c2e63ed336db') in 0.0278083 seconds
Number of updated asset objects reloaded before import = 0Number of asset objects unloaded after import = 11

========================================================================
Received Import Request.
  Time since last request: 0.000021 seconds.
  path: Assets/BrokenVector/LowPolyRoadPack/Prefabs/Highway Cross Freeway.prefab
  artifactKey: Guid(d1e269106cb165145985fd4f36cd816f) Importer(815301076,1909f56bfc062723c751e8b465ee728b)
Start importing Assets/BrokenVector/LowPolyRoadPack/Prefabs/Highway Cross Freeway.prefab using Guid(d1e269106cb165145985fd4f36cd816f) Importer(815301076,1909f56bfc062723c751e8b465ee728b) (PreviewImporter) -> (artifact id: '803284f8b8963d151cef7477218418e5') in 0.0404102 seconds
Number of updated asset objects reloaded before import = 0Number of asset objects unloaded after import = 11

========================================================================
Received Import Request.
  Time since last request: 34.076661 seconds.
  path: Assets/BrokenVector/LowPolyRoadPack/Demo/Low Poly Road Pack Demo.unity
  artifactKey: Guid(8d68a8c139112ee4387ec230ac89a4a2) Importer(815301076,1909f56bfc062723c751e8b465ee728b)
Start importing Assets/BrokenVector/LowPolyRoadPack/Demo/Low Poly Road Pack Demo.unity using Guid(8d68a8c139112ee4387ec230ac89a4a2) Importer(815301076,1909f56bfc062723c751e8b465ee728b) (PreviewImporter) -> (artifact id: '01d05f92ec4ef7b5c1c1c9fb153eb854') in 0.0005658 seconds
Number of updated asset objects reloaded before import = 0Number of asset objects unloaded after import = 0

========================================================================
Received Import Request.
  Time since last request: 28.755252 seconds.
  path: Assets/BrokenVector/LowPolyRoadPack/Demo/Textures/Colorscheme World.png
  artifactKey: Guid(c975dc85e64790c40b2561cb2c3ba471) Importer(815301076,1909f56bfc062723c751e8b465ee728b)
Start importing Assets/BrokenVector/LowPolyRoadPack/Demo/Textures/Colorscheme World.png using Guid(c975dc85e64790c40b2561cb2c3ba471) Importer(815301076,1909f56bfc062723c751e8b465ee728b) (PreviewImporter) -> (artifact id: 'd983fc55bbb30722abd36aa261c11159') in 0.0185146 seconds
Number of updated asset objects reloaded before import = 0Number of asset objects unloaded after import = 2

========================================================================
Received Import Request.
  Time since last request: 141.018963 seconds.
  path: Assets/BrokenVector/LowPolyRoadPack/Demo/Grass.mat
  artifactKey: Guid(d069dd4398675764291f9c82e7286e14) Importer(2089858483,192608db42251d675da83286b1cce702)
Start importing Assets/BrokenVector/LowPolyRoadPack/Demo/Grass.mat using Guid(d069dd4398675764291f9c82e7286e14) Importer(2089858483,192608db42251d675da83286b1cce702) (ScriptedImporter) -> (artifact id: 'b067cdd6d2a651852c020cd45b677c9b') in 0.0142986 seconds
Number of updated asset objects reloaded before import = 0Number of asset objects unloaded after import = 1

========================================================================
Received Import Request.
  Time since last request: 6.460111 seconds.
  path: Assets/BrokenVector/LowPolyRoadPack/Materials/Car Colorscheme 1.mat
  artifactKey: Guid(3889c423b8feed645aeba90d0e940408) Importer(815301076,1909f56bfc062723c751e8b465ee728b)
Start importing Assets/BrokenVector/LowPolyRoadPack/Materials/Car Colorscheme 1.mat using Guid(3889c423b8feed645aeba90d0e940408) Importer(815301076,1909f56bfc062723c751e8b465ee728b) (PreviewImporter) -> (artifact id: 'eead8f7ea11e22dac8aeaff79793b105') in 0.0283641 seconds
Number of updated asset objects reloaded before import = 0Number of asset objects unloaded after import = 2

========================================================================
Received Import Request.
  Time since last request: 0.000018 seconds.
  path: Assets/BrokenVector/LowPolyRoadPack/Materials/Road.mat
  artifactKey: Guid(9cbdac3088fceec40bde6d0619e2ebda) Importer(815301076,1909f56bfc062723c751e8b465ee728b)
Start importing Assets/BrokenVector/LowPolyRoadPack/Materials/Road.mat using Guid(9cbdac3088fceec40bde6d0619e2ebda) Importer(815301076,1909f56bfc062723c751e8b465ee728b) (PreviewImporter) -> (artifact id: '21f9d2d647e9736cd904741ed361fc83') in 0.0149111 seconds
Number of updated asset objects reloaded before import = 0Number of asset objects unloaded after import = 2

========================================================================
Received Import Request.
  Time since last request: 3.972554 seconds.
  path: Assets/BrokenVector/LowPolyRoadPack/Demo/Grass.mat
  artifactKey: Guid(d069dd4398675764291f9c82e7286e14) Importer(815301076,1909f56bfc062723c751e8b465ee728b)
Start importing Assets/BrokenVector/LowPolyRoadPack/Demo/Grass.mat using Guid(d069dd4398675764291f9c82e7286e14) Importer(815301076,1909f56bfc062723c751e8b465ee728b) (PreviewImporter) -> (artifact id: '0c12158cd03cf937426bb0e9021d3c56') in 0.0353435 seconds
Number of updated asset objects reloaded before import = 0Number of asset objects unloaded after import = 1

========================================================================
Received Import Request.
  Time since last request: 499.553927 seconds.
  path: Assets/_Unity Essentials/Prefabs/My Prefabs/Road.prefab
  artifactKey: Guid(dad967a245cf02d4e89b2b7d49a8163c) Importer(815301076,1909f56bfc062723c751e8b465ee728b)
Start importing Assets/_Unity Essentials/Prefabs/My Prefabs/Road.prefab using Guid(dad967a245cf02d4e89b2b7d49a8163c) Importer(815301076,1909f56bfc062723c751e8b465ee728b) (PreviewImporter) -> (artifact id: 'f59c012707ed3920a70164eb6488986b') in 0.0205712 seconds
Number of updated asset objects reloaded before import = 0Number of asset objects unloaded after import = 32

========================================================================
Received Import Request.
  Time since last request: 0.931067 seconds.
  path: Assets/_Unity Essentials/Prefabs/My Prefabs/Road.prefab
  artifactKey: Guid(dad967a245cf02d4e89b2b7d49a8163c) Importer(2089858483,192608db42251d675da83286b1cce702)
Start importing Assets/_Unity Essentials/Prefabs/My Prefabs/Road.prefab using Guid(dad967a245cf02d4e89b2b7d49a8163c) Importer(2089858483,192608db42251d675da83286b1cce702) (ScriptedImporter) -> (artifact id: '2cb2b56b3b9be6860f7b6534a36d2d15') in 0.0156014 seconds
Number of updated asset objects reloaded before import = 0Number of asset objects unloaded after import = 16

========================================================================
Received Prepare
Begin MonoManager ReloadAssembly
Symbol file LoadedFromMemory is not a mono symbol file
- Loaded All Assemblies, in  0.756 seconds
Refreshing native plugins compatible for Editor in 3.73 ms, found 3 plugins.
Native extension for UWP target not found
Native extension for WindowsStandalone target not found
Native extension for WebGL target not found
[Package Manager] Failed to launch server process. Reason: Unity was launched with the -noUpm command-line argument
[Package Manager] Unable to send message (not connected to server process).
[Package Manager] Cannot connect to Unity Package Manager local server
Mono: successfully reloaded assembly
- Finished resetting the current domain, in  0.889 seconds
Domain Reload Profiling: 1643ms
	BeginReloadAssembly (243ms)
		ExecutionOrderSort (0ms)
		DisableScriptedObjects (25ms)
		BackupInstance (0ms)
		ReleaseScriptingObjects (0ms)
		CreateAndSetChildDomain (70ms)
	RebuildCommonClasses (42ms)
	RebuildNativeTypeToScriptingClass (16ms)
	initialDomainReloadingComplete (28ms)
	LoadAllAssembliesAndSetupDomain (423ms)
		LoadAssemblies (323ms)
		RebuildTransferFunctionScriptingTraits (0ms)
		AnalyzeDomain (185ms)
			TypeCache.Refresh (6ms)
				TypeCache.ScanAssembly (0ms)
			BuildScriptInfoCaches (166ms)
			ResolveRequiredComponents (9ms)
	FinalizeReload (890ms)
		ReleaseScriptCaches (0ms)
		RebuildScriptCaches (0ms)
		SetupLoadedEditorAssemblies (745ms)
			LogAssemblyErrors (0ms)
			InitializePlatformSupportModulesInManaged (11ms)
			SetLoadedEditorAssemblies (5ms)
			BeforeProcessingInitializeOnLoad (123ms)
			ProcessInitializeOnLoadAttributes (362ms)
			ProcessInitializeOnLoadMethodAttributes (238ms)
			AfterProcessingInitializeOnLoad (6ms)
			EditorAssembliesLoaded (1ms)
		ExecutionOrderSort2 (0ms)
		AwakeInstancesAfterBackupRestoration (20ms)
Refreshing native plugins compatible for Editor in 10.02 ms, found 3 plugins.
Preloading 0 native plugins for Editor in 0.00 ms.
Unloading 14 Unused Serialized files (Serialized files now loaded: 0)
Unloading 6411 unused Assets / (7.1 MB). Loaded Objects now: 7211.
Memory consumption went from 157.5 MB to 150.3 MB.
Total: 27.766200 ms (FindLiveObjects: 0.793600 ms CreateObjectMapping: 1.222900 ms MarkObjects: 14.375500 ms  DeleteObjects: 11.372300 ms)

Prepare: number of updated asset objects reloaded= 0
========================================================================
Received Import Request.
  Time since last request: 189.937824 seconds.
  path: Assets/_Unity Essentials/Prefabs/My Prefabs/Road (3).prefab
  artifactKey: Guid(7bbeba5cf6eb6d24cab8a882759f5bb0) Importer(815301076,1909f56bfc062723c751e8b465ee728b)
Start importing Assets/_Unity Essentials/Prefabs/My Prefabs/Road (3).prefab using Guid(7bbeba5cf6eb6d24cab8a882759f5bb0) Importer(815301076,1909f56bfc062723c751e8b465ee728b) (PreviewImporter) -> (artifact id: '4195bce358e2cdf9bf0e7d798a37897e') in 0.3843429 seconds
Number of updated asset objects reloaded before import = 0Number of asset objects unloaded after import = 32

========================================================================
Received Import Request.
  Time since last request: 0.000036 seconds.
  path: Assets/_Unity Essentials/Prefabs/My Prefabs/Road 1.prefab
  artifactKey: Guid(d17201106ac7d77449db253f21ac4b5e) Importer(815301076,1909f56bfc062723c751e8b465ee728b)
Start importing Assets/_Unity Essentials/Prefabs/My Prefabs/Road 1.prefab using Guid(d17201106ac7d77449db253f21ac4b5e) Importer(815301076,1909f56bfc062723c751e8b465ee728b) (PreviewImporter) -> (artifact id: 'bca6e83237078e632914315757e1aabe') in 0.032226 seconds
Number of updated asset objects reloaded before import = 0Number of asset objects unloaded after import = 32

========================================================================
Received Import Request.
  Time since last request: 21.803099 seconds.
  path: Assets/_Unity Essentials/Prefabs/My Prefabs/Road (3) Variant.prefab
  artifactKey: Guid(3a532032cd443ce4a9e2f130ef2f7e38) Importer(815301076,1909f56bfc062723c751e8b465ee728b)
Start importing Assets/_Unity Essentials/Prefabs/My Prefabs/Road (3) Variant.prefab using Guid(3a532032cd443ce4a9e2f130ef2f7e38) Importer(815301076,1909f56bfc062723c751e8b465ee728b) (PreviewImporter) -> (artifact id: '91c18deb7b24ecfbeb4b9c42d5728cde') in 0.0194538 seconds
Number of updated asset objects reloaded before import = 0Number of asset objects unloaded after import = 47

========================================================================
Received Import Request.
  Time since last request: 0.000025 seconds.
  path: Assets/_Unity Essentials/Prefabs/My Prefabs/Road Variant.prefab
  artifactKey: Guid(9bacdc656c602a347b59959e0737804f) Importer(815301076,1909f56bfc062723c751e8b465ee728b)
Start importing Assets/_Unity Essentials/Prefabs/My Prefabs/Road Variant.prefab using Guid(9bacdc656c602a347b59959e0737804f) Importer(815301076,1909f56bfc062723c751e8b465ee728b) (PreviewImporter) -> (artifact id: 'a2d59ed00686fd7edea9a8cdfb6338de') in 0.0217577 seconds
Number of updated asset objects reloaded before import = 0Number of asset objects unloaded after import = 47

========================================================================
Received Import Request.
  Time since last request: 102.072994 seconds.
  path: Assets/_Unity Essentials/Prefabs/UI/Remaining_Collectibles_UI.prefab
  artifactKey: Guid(11df39673429a452dbbcbc5da55020d6) Importer(815301076,1909f56bfc062723c751e8b465ee728b)
Start importing Assets/_Unity Essentials/Prefabs/UI/Remaining_Collectibles_UI.prefab using Guid(11df39673429a452dbbcbc5da55020d6) Importer(815301076,1909f56bfc062723c751e8b465ee728b) (PreviewImporter) -> (artifact id: 'c4100bd448454190fcb2d15e7dc69ca4') in 0.0302388 seconds
Number of updated asset objects reloaded before import = 0Number of asset objects unloaded after import = 24

========================================================================
Received Import Request.
  Time since last request: 49.323575 seconds.
  path: Assets/_Unity Essentials/Prefabs/My Prefabs/Big Road.prefab
  artifactKey: Guid(ea87c7a2b5bf38e43aae882ef245370d) Importer(815301076,1909f56bfc062723c751e8b465ee728b)
Start importing Assets/_Unity Essentials/Prefabs/My Prefabs/Big Road.prefab using Guid(ea87c7a2b5bf38e43aae882ef245370d) Importer(815301076,1909f56bfc062723c751e8b465ee728b) (PreviewImporter) -> (artifact id: '1b6b565cfebc28d2aedfda7aa457e35a') in 0.0535696 seconds
Number of updated asset objects reloaded before import = 0Number of asset objects unloaded after import = 86

